entry_time,exit_time,entry_price,exit_price,stop_price,pnl_pct,exit_reason,duration_bars
2021-01-13 15:00:00,2021-01-14 14:00:00,98.58891798,98.9750853,98.15612256306,0.003916944499566749,momentum_fade,22
2021-01-15 10:45:00,2021-01-15 12:30:00,98.80087319,98.86409202,98.57903726502,0.0006398610453414022,momentum_fade,7
2021-01-15 13:15:00,2021-01-16 12:15:00,99.07056416,99.39225559,98.51148094896,0.003247093954976034,momentum_fade,22
2021-01-16 13:00:00,2021-01-17 10:00:00,99.44086596,99.5215622,98.96600005488,0.0008114997714568259,momentum_fade,14
2021-01-17 11:30:00,2021-01-18 10:30:00,99.51873797,99.80849855,99.16685919468,0.0029116183134008473,momentum_fade,22
2021-01-18 11:45:00,2021-01-19 11:45:00,99.77889569,99.47109163,99.47277851912999,-0.0030848613614275927,stop_loss,26
2021-01-19 12:30:00,2021-01-19 15:15:00,99.52940235,99.26401878,99.32217001839,-0.002666383638743887,stop_loss,11
2021-01-20 09:45:00,2021-01-20 15:45:00,99.26602318,99.04792505,99.09482093505,-0.002197107560202366,stop_loss,24
2021-01-24 10:15:00,2021-01-24 14:15:00,99.48031752,99.71270771,98.70803941374,0.002336041900482304,momentum_fade,16
2021-01-24 15:00:00,2021-01-25 10:30:00,99.79886582,99.89755926,99.20324441304,0.0009889234630982406,momentum_fade,8
2021-01-25 11:15:00,2021-01-26 09:45:00,99.9279112,100.1040353,99.40881754412999,0.0017625115734432543,momentum_fade,20
2021-01-26 10:30:00,2021-01-26 12:00:00,100.1717735,100.2204908,99.71826016176,0.000486337600881078,momentum_fade,6
2021-01-26 13:15:00,2021-01-27 11:45:00,100.3852691,100.486908,99.84972727305,0.0010124881958402552,momentum_fade,20
2021-01-27 12:30:00,2021-01-27 15:15:00,100.6301579,100.866404,100.07321491169999,0.002347666990990605,momentum_fade,11
2021-01-28 10:15:00,2021-01-29 10:00:00,100.8911627,101.3377666,100.3453235307,0.004426590873255934,momentum_fade,25
2021-01-29 10:45:00,2021-02-05 10:45:00,101.4365869,100.706709,100.8382034574,-0.007195410672872227,stop_loss,182
2021-02-16 10:30:00,2021-02-16 13:30:00,99.4616419,99.54559642,98.96615841636,0.0008440894237841032,momentum_fade,12
2021-02-16 14:15:00,2021-02-16 15:00:00,99.74545234,99.03306113,99.16044006024,-0.007142092128387925,stop_loss,3
2021-02-24 14:30:00,2021-02-25 10:45:00,98.89646994,99.27464317,98.51909877351001,0.003823930522792547,momentum_fade,11
2021-02-25 13:30:00,2021-02-28 10:00:00,99.17191487,98.67397466,98.67485134503,-0.005020980089501381,stop_loss,64
2021-03-05 12:30:00,2021-03-05 15:00:00,98.53080981,98.57837959,98.10807410961,0.00048279091678769034,momentum_fade,10
2021-03-05 15:45:00,2021-03-06 12:45:00,98.64705126,99.19843759,98.18924261984999,0.005589486182883798,momentum_fade,14
2021-03-06 15:00:00,2021-03-16 10:15:00,99.10442223,99.31133821,98.30034830295,0.002087858193853325,momentum_fade,241
2021-03-16 13:00:00,2021-03-16 12:30:00,99.12241184,99.13756536,98.64830371923,0.00015287682895023436,momentum_fade,-2
2021-03-16 13:30:00,2021-03-16 15:45:00,99.1610044,98.90248047,98.92248638211,-0.0026071128622008545,stop_loss,9
2021-03-17 10:30:00,2021-03-17 14:15:00,98.93957931,98.67457971,98.71550329239,-0.0026783982896237354,stop_loss,15
2021-03-25 12:00:00,2021-03-27 13:30:00,98.65475876,98.0482666,98.14678064433001,-0.006147621945692769,stop_loss,58
2021-03-28 14:15:00,2021-03-30 14:45:00,98.45764412,98.83113842,98.04453135597,0.003793451522614031,momentum_fade,54
2021-03-30 15:30:00,2021-04-03 10:30:00,98.87510029,97.95735054,97.98447193551,-0.009281909675016855,stop_loss,84
2021-04-12 11:15:00,2021-04-12 12:15:00,97.04083935,96.36840247,96.55555999779,-0.006929421514736643,stop_loss,4
2021-04-13 11:45:00,2021-04-13 14:00:00,97.1722295,97.23446281,96.26716701945,0.0006404433686477917,momentum_fade,9
2021-04-13 14:45:00,2021-04-15 12:15:00,97.3254483,97.38929938,96.84642773889,0.0006560573941891832,momentum_fade,42
2021-04-15 13:00:00,2021-04-18 14:15:00,97.43957544,96.96764369,97.04570631084,-0.004843327240178665,stop_loss,83
2021-04-22 12:00:00,2021-04-25 12:00:00,97.67495174,97.72022412,96.90094540665,0.0004635004081753756,momentum_fade,78
2021-04-25 13:45:00,2021-04-28 12:45:00,97.83366483,96.90174212,97.05936182166,-0.009525583158101644,stop_loss,74
2021-04-30 10:00:00,2021-04-30 12:00:00,97.50036937,97.50526428,97.06240047996,5.020401493484532e-05,momentum_fade,8
2021-04-30 14:15:00,2021-05-01 15:45:00,97.49542877,98.12585986,97.23923421920999,0.006466263064366252,momentum_fade,32
2021-05-02 10:15:00,2021-05-02 09:45:00,98.1227771,98.15010546,97.729441731,0.0002785118889588859,momentum_fade,-2
2021-05-02 10:30:00,2021-05-05 12:00:00,98.17170733,100.2824008,97.75328894991,0.021500017952270047,momentum_fade,84
2021-05-05 12:45:00,2021-05-05 14:30:00,100.3949416,100.3975279,99.87426461115001,2.5761258075221305e-05,momentum_fade,7
2021-05-06 10:00:00,2021-05-06 09:30:00,99.90254859,99.90372771,99.68042476503,1.18027018994522e-05,momentum_fade,-2
2021-05-06 10:15:00,2021-05-06 13:30:00,99.93919402,99.95612353,99.68042476503,0.00016939810417731737,momentum_fade,13
2021-05-06 14:15:00,2021-05-07 12:30:00,99.99448205,100.2921027,99.68042476503,0.002976370734648942,momentum_fade,19
2021-05-07 14:15:00,2021-05-09 14:45:00,100.2652061,99.89238769,99.9017097885,-0.003718322880902088,stop_loss,54
2021-05-09 15:45:00,2021-05-10 12:15:00,99.89898397,99.67606444,99.69318547155001,-0.002231449421617162,stop_loss,12
2021-05-24 12:30:00,2021-05-24 12:00:00,97.46118352,97.51197147,96.68576499246,0.0005211095142260195,momentum_fade,-2
2021-05-24 15:45:00,2021-05-27 09:30:00,97.463125,97.8602744,97.09649056575,0.0040748683155807834,momentum_fade,53
2021-05-27 12:00:00,2021-05-27 14:15:00,97.78790512,97.87752261,97.57765640826,0.0009164475902211132,momentum_fade,9
2021-05-27 15:30:00,2021-05-28 11:00:00,97.92582917,98.01455666,97.54849430955001,0.0009060683044711826,momentum_fade,8
2021-05-28 12:00:00,2021-05-28 12:45:00,97.99657076,97.34765397,97.67477293452,-0.0066218316107125915,stop_loss,3
2021-05-28 14:00:00,2021-05-29 12:00:00,97.37787808,97.42748689,97.18461095715,0.0005094464058791614,momentum_fade,18
2021-05-29 13:15:00,2021-05-29 13:00:00,97.38126863,97.38998293,97.11290405583,8.948640865542892e-05,momentum_fade,-1
2021-05-29 13:45:00,2021-06-02 15:00:00,97.4093067,98.12531447,97.11290405583,0.007350506786842827,momentum_fade,109
2021-06-03 10:00:00,2021-06-03 09:45:00,98.10429846,98.10908105,97.24389513363,4.875005555393598e-05,momentum_fade,-1
2021-06-03 11:00:00,2021-06-03 15:15:00,98.58084504,98.60184881,97.24389513363,0.00021306137101467063,momentum_fade,17
2021-06-04 09:45:00,2021-06-04 13:30:00,98.62810756,98.62862453,97.86555127521001,5.241609240834464e-06,momentum_fade,15
2021-06-04 14:30:00,2021-06-06 14:30:00,98.67422782,98.24990316,98.29629946584,-0.0043002582272449385,stop_loss,52
2021-06-07 10:15:00,2021-06-07 09:45:00,98.12879442,98.157391,97.95742880571,0.0002914188457019315,momentum_fade,-2
2021-06-07 10:45:00,2021-06-07 12:45:00,98.14676589,98.15722162,97.93715525955,0.00010653157957056228,momentum_fade,8
2021-06-07 14:00:00,2021-06-08 09:45:00,98.14716438,98.19654568,97.90409829960001,0.0005031352694898223,momentum_fade,9
2021-06-08 10:30:00,2021-06-09 13:15:00,98.24891626,98.34155304,97.90409829960001,0.0009428783901783092,momentum_fade,37
2021-06-09 14:00:00,2021-06-10 10:45:00,98.54040899,98.60983422,97.89404758038,0.0007045356388467849,momentum_fade,13
2021-06-10 12:00:00,2021-06-11 11:30:00,98.69286545,98.73194376,98.20064140964999,0.0003959588144676128,momentum_fade,24
2021-06-11 13:30:00,2021-06-11 13:00:00,98.63380398,98.6369785,98.39920207023,3.218490894506546e-05,momentum_fade,-2
2021-06-11 13:45:00,2021-06-12 10:15:00,98.70212099,98.39100593,98.39920207023,-0.0031520605320275973,stop_loss,12
2021-06-13 10:15:00,2021-06-13 11:45:00,98.56827966,98.57025895,98.09923596659999,2.008039510095467e-05,momentum_fade,6
2021-06-13 12:30:00,2021-06-13 15:00:00,98.64213542,98.69699022,98.09923596659999,0.0005560990723329283,momentum_fade,10
2021-06-13 15:45:00,2021-06-14 09:30:00,98.70573235,98.70620717,98.37029818305,4.810460230517399e-06,momentum_fade,1
2021-06-14 11:00:00,2021-06-14 14:00:00,98.60808343,98.73951804,98.39602381167,0.0013328989412242495,momentum_fade,12
2021-06-14 15:00:00,2021-06-15 14:30:00,98.7358928,98.95730486,98.38746698706001,0.002242467796877931,momentum_fade,24
2021-06-15 15:45:00,2021-06-16 11:45:00,98.97888526,98.62358223,98.678476746,-0.0035896851037136215,stop_loss,10
2021-06-16 12:30:00,2021-06-16 12:00:00,98.63559619,98.69163615,98.49329629182,0.0005681514804456981,momentum_fade,-2
2021-06-16 14:00:00,2021-06-18 10:45:00,98.78579264,99.63643253,98.42742764639999,0.008610953734004442,momentum_fade,39
2021-06-18 11:30:00,2021-06-18 14:30:00,99.74840989,99.89478894,98.99860233996,0.0014674825409389095,momentum_fade,12
2021-06-18 15:15:00,2021-06-18 14:45:00,99.90846235,99.94660077,99.47786583672,0.0003817336299942553,momentum_fade,-2
2021-06-19 09:30:00,2021-06-19 09:45:00,99.91748258,99.92245966,99.47786583672,4.981190349765213e-05,momentum_fade,1
2021-06-19 10:30:00,2021-06-20 15:30:00,100.7111039,100.8185192,99.58147410474,0.0010665685891662593,momentum_fade,46
2021-06-21 10:00:00,2021-06-21 09:30:00,100.7787396,100.8232694,100.4353020621,0.00044185708391223527,momentum_fade,-2
2021-06-21 12:30:00,2021-06-21 15:15:00,100.5625865,100.3396023,100.34571174210001,-0.0022173673904061636,stop_loss,11
2021-06-22 09:30:00,2021-06-21 15:45:00,100.3962825,100.4067152,100.152795951,0.00010391520223864385,momentum_fade,-1
2021-06-22 11:00:00,2021-06-22 12:15:00,100.3635083,100.1213968,100.152795951,-0.002412345922347626,stop_loss,5
2021-06-22 13:00:00,2021-06-22 13:45:00,100.1959856,99.90587594,99.9592743663,-0.002895421989840667,stop_loss,3
2021-06-22 14:30:00,2021-06-22 14:15:00,99.90644397,99.90758514,99.71890641486,1.1422386331150737e-05,momentum_fade,-1
2021-06-22 15:30:00,2021-06-23 15:00:00,100.3251527,99.70067067,99.71890641486,-0.0062245809071169245,stop_loss,24
2021-07-05 11:00:00,2021-07-06 12:30:00,97.64256675,98.42292952,97.26718560984,0.007992034580553429,momentum_fade,32
2021-07-06 13:30:00,2021-07-07 11:30:00,98.48309162,98.83661654,97.82190376640999,0.0035897016856871714,momentum_fade,18
2021-07-08 11:00:00,2021-07-08 13:15:00,99.59770217,99.8684332,98.78999226885,0.0027182457436406657,momentum_fade,9
2021-07-08 14:45:00,2021-07-08 14:15:00,99.85115599,99.85525967,99.34754948352,4.109797186935957e-05,momentum_fade,-2
2021-07-09 09:30:00,2021-07-08 15:30:00,99.83129106,99.83585487,99.35217934902,4.5715225672727134e-05,momentum_fade,-2
2021-07-09 11:00:00,2021-07-09 10:45:00,99.70757246,99.7294353,99.52541346150001,0.00021926960471113825,momentum_fade,-1
2021-07-09 12:15:00,2021-07-09 12:00:00,99.03404479,99.04953654,98.81780796531,0.0001564285295310271,momentum_fade,-1
2021-07-09 12:45:00,2021-07-09 14:45:00,99.11456599,99.14717997,98.81780796531,0.0003290533502743092,momentum_fade,8
2021-07-09 15:30:00,2021-07-10 13:45:00,99.16919869,99.59872353,98.81780796531,0.004331232334978133,momentum_fade,19
2021-07-10 14:45:00,2021-07-10 14:15:00,99.50311368,99.50931666,99.0153129726,6.233955672931297e-05,momentum_fade,-2
2021-07-10 15:00:00,2021-07-11 13:45:00,99.54265667,99.68249693,99.030146724,0.0014048274847997355,momentum_fade,21
2021-07-11 14:30:00,2021-07-12 13:30:00,99.71492641,99.900496,99.31178121759,0.0018610011227104515,momentum_fade,22
2021-07-12 14:30:00,2021-07-12 14:45:00,99.86667892,99.89587939,99.47078583381,0.0002923945235367036,momentum_fade,1
2021-07-12 15:30:00,2021-07-13 13:15:00,99.99830886,100.0241252,99.49879733427,0.00025816776597841525,momentum_fade,17
2021-07-13 14:00:00,2021-07-14 11:30:00,100.100262,100.1390654,99.71108722188,0.000387645339030243,momentum_fade,16
2021-07-14 12:30:00,2021-07-14 12:45:00,100.1115575,100.1209549,99.85809717477,9.386928177595725e-05,momentum_fade,1
2021-07-14 13:45:00,2021-07-15 09:45:00,100.1174585,99.88455857,99.89245100654999,-0.0023262669017911804,stop_loss,10
2021-07-15 10:30:00,2021-07-15 15:30:00,99.9041984,100.0709625,99.67805687529,0.0016692401587799,momentum_fade,20
2021-07-16 09:45:00,2021-07-16 12:15:00,100.0939287,99.59057338,99.67583674763999,-0.005028829685651167,stop_loss,10
2021-07-26 15:45:00,2021-07-28 10:30:00,99.25723081,98.46230146,98.46790399953,-0.008008780252208103,stop_loss,31
2021-08-04 15:15:00,2021-08-06 11:30:00,97.48619677,97.55415448,95.6303743995,0.0006971008435206546,momentum_fade,37
2021-08-06 13:00:00,2021-08-06 12:30:00,97.4594931,97.47887594,97.20951114204,0.00019888098515045093,momentum_fade,-2
2021-08-06 13:30:00,2021-08-06 13:00:00,97.43771731,97.4594931,97.21642969656,0.00022348419689191326,momentum_fade,-2
2021-08-06 13:45:00,2021-08-07 10:30:00,97.46146854,97.19325779,97.21642969656,-0.0027519670493156554,stop_loss,13
2021-08-07 12:30:00,2021-08-08 14:15:00,97.11532306,96.88497197,96.90083419797,-0.0023719335192622817,stop_loss,33
2021-08-08 15:00:00,2021-08-09 13:00:00,96.96757845,96.98106947,96.71868203247,0.00013912918333776708,momentum_fade,18
2021-08-09 14:15:00,2021-08-09 14:30:00,96.95069462,96.96994173,96.66476093754,0.00019852472512392523,momentum_fade,1
2021-08-09 15:15:00,2021-08-10 11:15:00,97.12653223,97.29874512,96.66476093754,0.0017730777167273267,momentum_fade,10
2021-08-10 12:45:00,2021-08-10 13:00:00,97.33796314,97.34518794,96.69833943543,7.422386669024179e-05,momentum_fade,1
2021-08-10 14:00:00,2021-08-10 14:15:00,97.28755548,97.30952327,96.93199324773,0.00022580267220838018,momentum_fade,1
2021-08-10 15:00:00,2021-08-11 11:45:00,97.36196166,97.57520701,97.08589388304,0.002190232677774849,momentum_fade,13
2021-08-11 12:30:00,2021-08-11 15:45:00,97.59686163,97.83105621,97.09513657110001,0.002399611791697255,momentum_fade,13
2021-08-12 10:30:00,2021-08-12 10:15:00,97.80737075,97.81881125,97.3730843451,0.00011696971212153733,momentum_fade,-1
2021-08-12 11:30:00,2021-08-12 15:00:00,97.89437406,98.07799604,97.3730843451,0.0018757153489479912,momentum_fade,14
2021-08-12 15:45:00,2021-08-13 14:30:00,98.1461519,98.70594339,97.59642560028,0.00570365194317919,momentum_fade,21
2021-08-14 09:45:00,2021-08-16 13:00:00,98.72888832,98.7364337,98.00687424078001,7.642525028292026e-05,momentum_fade,65
2021-08-16 13:45:00,2021-08-17 09:30:00,98.75405779,98.83705289,98.40653041454999,0.000840422174615645,momentum_fade,9
2021-08-17 10:15:00,2021-08-17 15:45:00,99.38130046,99.41120896,98.52145363629,0.0003009469574412386,momentum_fade,22
2021-08-18 10:30:00,2021-08-18 12:15:00,99.38792419,99.09922296,99.116013771,-0.0029047918281107313,stop_loss,7
2021-08-18 13:15:00,2021-08-18 13:00:00,99.06573277,99.07803464,98.85425155524001,0.00012417886241817695,momentum_fade,-1
2021-08-18 13:45:00,2021-08-19 10:00:00,99.08218009,98.81114659,98.84894768442,-0.0027354414260344047,stop_loss,11
2021-08-19 10:45:00,2021-08-19 12:30:00,98.82440091,98.83018203,98.63558294274,5.849891268527656e-05,momentum_fade,7
2021-08-19 13:15:00,2021-08-19 14:45:00,98.89344202,98.93544374,98.6088975948,0.0004247169391829588,momentum_fade,6
2021-08-19 15:30:00,2021-08-19 15:00:00,98.9667767,98.97259802,98.6088975948,5.882095177916083e-05,momentum_fade,-2
2021-08-19 15:45:00,2021-08-20 11:30:00,99.16014087,99.1651975,98.6088975948,5.0994582658246304e-05,momentum_fade,9
2021-08-20 12:15:00,2021-08-21 10:45:00,99.19373273,99.33345924,98.71227677214,0.0014086223610551157,momentum_fade,20
2021-08-21 12:15:00,2021-08-23 10:15:00,99.3072166,99.01429646,99.01578808701001,-0.0029496359884887435,stop_loss,44
2021-08-23 15:15:00,2021-08-24 12:00:00,99.23229883,99.4140031,98.75433677004,0.001831100076712768,momentum_fade,13
2021-08-24 13:00:00,2021-08-25 13:30:00,99.45163129,99.4742517,98.96427978687001,0.00022745137215538392,momentum_fade,28
2021-08-25 14:30:00,2021-08-26 12:45:00,99.51121938,99.09940703,99.10023957099001,-0.0041383509574677395,stop_loss,19
2021-09-08 10:45:00,2021-09-08 13:45:00,96.8122195,96.87859531,96.31767350240999,0.0006856139683895658,momentum_fade,12
2021-09-08 14:30:00,2021-09-09 09:45:00,97.00350379,97.05610502,96.59015137179,0.0005422611343388425,momentum_fade,7
2021-09-09 14:45:00,2021-09-12 10:15:00,96.53527752,97.82053796,96.16626362385,0.013313893874016408,momentum_fade,60
2021-09-12 11:30:00,2021-09-12 13:15:00,97.90028532,97.92251615,97.37194320738,0.0002270762534281473,momentum_fade,7
2021-09-12 14:00:00,2021-09-13 11:30:00,98.04339469,98.20252418,97.55987700546,0.0016230516140648128,momentum_fade,16
2021-09-13 12:15:00,2021-09-13 14:30:00,98.34522566,98.52612388,97.77682347183,0.0018394204577394135,momentum_fade,9
2021-09-13 15:45:00,2021-09-14 10:45:00,98.52282171,98.53108147,98.06010399774,8.383600729903813e-05,momentum_fade,6
2021-09-14 11:30:00,2021-09-14 13:45:00,98.56393937,98.60827206,98.27886901374,0.0004497861011174041,momentum_fade,9
2021-09-14 14:30:00,2021-09-15 14:30:00,98.7045698,99.30088495,98.35287446421,0.006041413798857317,momentum_fade,26
2021-09-15 15:15:00,2021-09-16 13:45:00,99.35938107,99.50520228,98.78144271695999,0.0014676139125431476,momentum_fade,20
2021-09-16 14:30:00,2021-09-16 14:15:00,99.5176177,99.53716006,99.14971472631,0.00019637085826264354,momentum_fade,-1
2021-09-16 15:15:00,2021-09-18 11:45:00,99.57442246,99.59673537,99.14971472631,0.00022408274583740717,momentum_fade,38
2021-09-18 13:00:00,2021-09-20 09:45:00,99.58792795,99.6211139,99.35912148992999,0.0003332326586477952,momentum_fade,39
2021-09-20 12:15:00,2021-09-21 14:45:00,99.27295161,99.3568073,99.03791695599,0.0008446982651369655,momentum_fade,36
2021-09-21 15:30:00,2021-09-22 10:45:00,99.45461635,99.62601123,99.03639661785,0.0017233476563504762,momentum_fade,7
2021-09-22 14:00:00,2021-09-22 13:30:00,99.81275625,99.81300677,99.20808438822,2.509899630133505e-06,momentum_fade,-2
2021-09-22 15:45:00,2021-09-22 15:15:00,99.66827182,99.69358805,99.39159681209999,0.00025400490585130505,momentum_fade,-2
2021-09-23 09:30:00,2021-09-23 14:45:00,99.71764352,99.85882148,99.39159681209999,0.0014157771384929673,momentum_fade,21
2021-09-30 09:45:00,2021-10-01 09:30:00,99.45339776,99.57945273,98.84236015854,0.001267477761837691,momentum_fade,25
2021-10-01 12:15:00,2021-10-01 14:45:00,99.53231681,99.93694033,99.26715421926,0.004065247680031385,momentum_fade,10
2021-10-02 10:15:00,2021-10-02 12:30:00,99.88552973,100.1022706,99.17984468619,0.0021698925818971608,momentum_fade,9
2021-10-02 14:45:00,2021-10-03 10:15:00,100.0362954,100.2068827,99.65551080393,0.0017052540712137766,momentum_fade,8
2021-10-03 11:15:00,2021-10-08 12:15:00,100.2025138,100.2246568,99.80501730777,0.0002209824799824513,momentum_fade,134
2021-10-08 13:15:00,2021-10-09 11:15:00,100.2208663,101.0473322,99.83136896973,0.008246445381205034,momentum_fade,18
2021-10-09 12:15:00,2021-10-12 09:45:00,101.0947044,101.2536111,100.0042299657,0.0015718597818067594,momentum_fade,68
2021-10-12 10:30:00,2021-10-12 12:00:00,101.3985892,101.4317232,100.9968465555,0.00032676983241488515,momentum_fade,6
2021-10-12 13:45:00,2021-10-12 15:15:00,101.4301571,101.4317168,101.1097798092,1.53770835478809e-05,momentum_fade,6
2021-10-13 11:30:00,2021-10-13 11:00:00,101.3136213,101.3379935,101.1108595284,0.00024056192728353254,momentum_fade,-2
2021-10-13 12:15:00,2021-10-14 11:45:00,101.3749068,101.7261844,101.1108595284,0.0034651336419279336,momentum_fade,24
2021-10-14 13:00:00,2021-10-14 15:15:00,101.7808751,101.8433024,101.1084794109,0.0006133500025290701,momentum_fade,9
2021-10-15 12:45:00,2021-10-15 14:45:00,101.3992913,101.1816403,101.2346472168,-0.002146474568111736,stop_loss,8
2021-10-31 10:45:00,2021-10-31 14:45:00,98.18172164,97.44993511,97.80768169272001,-0.007453388652963612,stop_loss,16
2021-11-02 09:45:00,2021-11-02 13:15:00,97.99656285,98.13146397,97.45386227631,0.0013765903219124483,momentum_fade,14
2021-11-02 15:30:00,2021-11-02 15:00:00,97.93270176,97.97726441,97.79647303259999,0.00045503339741622935,momentum_fade,-2
2021-11-03 09:45:00,2021-11-03 14:15:00,98.0044047,98.2944688,97.75260532422,0.002959704728455019,momentum_fade,18
2021-11-03 15:00:00,2021-11-03 15:15:00,98.30030387,98.31758742,97.7903344773,0.0001758239732692896,momentum_fade,1
2021-11-04 09:30:00,2021-11-04 14:30:00,98.33917635,97.93600595,97.95514521159,-0.004099794354236602,stop_loss,20
2021-11-09 15:00:00,2021-11-10 12:30:00,97.85096607,98.01424809,97.31936084238001,0.0016686807147431664,momentum_fade,16
2021-11-10 13:45:00,2021-11-11 09:30:00,98.05355049,98.0668511,97.63724702799,0.0001356463884634546,momentum_fade,9
2021-11-11 10:15:00,2021-11-11 10:00:00,98.10916183,98.12765883,97.78094220897,0.00018853488965737332,momentum_fade,-1
2021-11-11 10:45:00,2021-11-11 12:45:00,98.22836675,98.23465025,97.78094220897,6.396828337772399e-05,momentum_fade,8
2021-11-11 14:30:00,2021-11-12 12:45:00,98.15481643,98.32340042,97.88782586832,0.0017175315092176767,momentum_fade,19
2021-11-12 13:30:00,2021-11-12 13:00:00,98.36573481,98.38047313,97.94752130313,0.0001498318497641506,momentum_fade,-2
2021-11-12 13:45:00,2021-11-12 13:15:00,98.40051059,98.40237237,97.94752130313,1.892043027861999e-05,momentum_fade,-2
2021-11-12 15:45:00,2021-11-13 12:15:00,98.24198766,98.40197754,98.05457280447,0.0016285285325628527,momentum_fade,12
2021-11-13 14:15:00,2021-11-15 11:00:00,98.26235228,97.99901092,98.03670960555,-0.0026799822504717094,stop_loss,39
2021-11-15 15:00:00,2021-11-19 12:45:00,98.10755184,97.70413328,97.70926478813999,-0.004112003127526067,stop_loss,95
2021-11-20 10:15:00,2021-11-20 13:30:00,98.40780477,98.46095828,97.50568803867,0.0005401351053834848,momentum_fade,13
2021-11-21 09:45:00,2021-11-21 15:00:00,98.39348155,98.54995151,98.21052350766,0.0015902472149080637,momentum_fade,21
2021-11-21 15:45:00,2021-11-22 14:00:00,98.58523157,98.69999003,98.18801430939,0.0011640532580025082,momentum_fade,19
2021-11-22 15:00:00,2021-11-22 14:30:00,98.69371015,98.69483887,98.4104309601,1.1436595080694455e-05,momentum_fade,-2
2021-11-22 15:15:00,2021-11-24 12:45:00,98.77198329,98.39374233,98.43760514871,-0.003829435710422692,stop_loss,42
2021-12-03 14:00:00,2021-12-05 12:45:00,97.70034422,97.25811677,97.31171090997,-0.004526365321745478,stop_loss,47
2021-12-06 13:15:00,2021-12-06 13:00:00,97.55968444,97.56140112,97.25624030610001,1.7596202876783795e-05,momentum_fade,-1
2021-12-08 13:30:00,2021-12-09 14:15:00,97.55764704,97.13891808,97.15149781344,-0.004292118277804765,stop_loss,29
2021-12-15 12:45:00,2021-12-18 09:30:00,97.41702361,97.47249433,96.9336628065,0.0005694150564697428,momentum_fade,65
2021-12-18 10:15:00,2021-12-19 12:15:00,97.51066566,97.76094008,97.20202758309,0.0025666363602998366,momentum_fade,34
2021-12-19 13:00:00,2021-12-20 10:45:00,97.7865105,97.95340491,97.09323925032,0.0017067222170689647,momentum_fade,17
2021-12-20 11:30:00,2021-12-20 13:00:00,97.97911043,97.2983976,97.41414734099999,-0.006947530213456383,stop_loss,6
2021-12-20 14:30:00,2021-12-20 14:00:00,97.51382887,97.51741309,97.11616311351,3.6756017495588845e-05,momentum_fade,-2
2021-12-21 13:00:00,2021-12-22 10:30:00,98.14205762,98.19135711,97.32792975489,0.000502327862239044,momentum_fade,16
2021-12-22 11:15:00,2021-12-22 10:45:00,98.20064052,98.23853705,97.87653256293,0.00038590919366043874,momentum_fade,-2
2021-12-22 11:45:00,2021-12-23 12:30:00,98.29410018,97.88564835,97.88766752682,-0.00415540535242737,stop_loss,29
2021-12-24 11:15:00,2021-12-24 15:30:00,98.02362427,98.17697668,97.42452678117,0.0015644433792571966,momentum_fade,17
2021-12-25 09:45:00,2021-12-25 14:15:00,98.31641027,98.48086943,97.80383293532999,0.0016727539130888644,momentum_fade,18
2021-12-26 11:15:00,2021-12-27 10:15:00,98.23527742,98.59871655,98.03815022349,0.0036996803953241513,momentum_fade,22
2021-12-27 11:00:00,2021-12-28 09:30:00,98.64245358,98.8309584,98.10350628201,0.0019109907870157187,momentum_fade,20
2021-12-28 10:30:00,2021-12-28 12:00:00,98.8290273,98.8677502,98.42504231412,0.00039181707093454543,momentum_fade,6
2021-12-28 12:45:00,2021-12-29 14:30:00,98.98736273,98.53188007,98.53467412257,-0.004601422317335449,stop_loss,33
2022-01-05 09:45:00,2022-01-05 10:00:00,98.53116956,98.53568489,98.05392972819,4.582641229336296e-05,momentum_fade,1
2022-01-05 13:30:00,2022-01-06 09:30:00,98.40025797,98.437244,98.09195897088,0.00037587330321110177,momentum_fade,10
2022-01-06 10:15:00,2022-01-06 13:30:00,98.47787301,98.08321879,98.09195897088,-0.004007542079629574,stop_loss,13
2022-01-20 14:45:00,2022-01-21 14:15:00,96.19679787,96.22186415,95.82095051262,0.0002605729146398283,momentum_fade,24
2022-01-21 15:00:00,2022-01-22 10:00:00,96.2602539,96.29855123,95.90637315446999,0.00039785195289211695,momentum_fade,6
2022-01-22 10:45:00,2022-01-22 10:15:00,96.30126818,96.31868155,96.01016823549,0.0001808218139708394,momentum_fade,-2
2022-01-22 12:45:00,2022-01-22 14:15:00,96.16368241,95.96408652,95.96852458083,-0.0020755849297557265,stop_loss,6
2022-01-30 11:45:00,2022-01-31 12:30:00,95.96088473,95.53294161,95.59532876022,-0.004459557883444798,stop_loss,29
2022-02-06 15:30:00,2022-02-07 10:45:00,95.7060177,95.77489173,95.38571126754,0.0007196415821613405,momentum_fade,7
2022-02-07 11:30:00,2022-02-08 12:30:00,95.8395751,96.55016123,95.46640014789,0.007414328885103705,momentum_fade,30
2022-02-08 13:15:00,2022-02-08 13:00:00,96.55625054,96.56266596,95.95500587307001,6.644230657395601e-05,momentum_fade,-1
2022-02-08 14:15:00,2022-02-08 14:30:00,96.52354117,96.53444002,95.98692307392001,0.00011291390543586074,momentum_fade,1
2022-02-08 15:30:00,2022-02-10 10:45:00,96.5510666,96.56717563,96.1897481658,0.0001668446612478492,momentum_fade,33
2022-02-10 11:45:00,2022-02-10 14:30:00,96.51150151,95.70411494,96.27445732185,-0.008365703127272852,stop_loss,11
2022-02-11 11:45:00,2022-02-12 10:00:00,96.35483916,96.54382346,95.52295699443,0.0019613368840374215,momentum_fade,19
2022-02-12 11:30:00,2022-02-14 15:45:00,96.50825257,96.11038926,96.12205924248,-0.004122583296298006,stop_loss,69
2022-02-18 12:45:00,2022-02-20 15:00:00,96.23761809,96.65226796,95.78084456871001,0.0043086048702102205,momentum_fade,61
2022-02-21 10:30:00,2022-02-21 15:30:00,96.54619256,95.57168983,95.81747264396999,-0.010093642267605521,stop_loss,20
2022-02-24 15:45:00,2022-02-25 11:15:00,96.12506049,96.1463829,95.59038548844,0.00022181947029545584,momentum_fade,8
2022-02-25 12:00:00,2022-02-26 11:30:00,96.17558562,96.25145777,95.72275747395001,0.0007888919990544584,momentum_fade,24
2022-02-26 12:15:00,2022-02-28 12:00:00,96.25873327,96.27335627,95.94417610368,0.00015191348881543696,momentum_fade,51
2022-02-28 12:45:00,2022-03-02 14:15:00,96.38372681,95.88412587,95.92187842368,-0.005183457379530991,stop_loss,58
2022-03-04 13:00:00,2022-03-05 09:30:00,96.19584456,96.38131252,95.64303784338,0.001928024654789692,momentum_fade,12
2022-03-05 10:15:00,2022-03-05 14:45:00,96.44401238,96.85486213,95.93079906411,0.004259981930046667,momentum_fade,18
2022-03-05 15:30:00,2022-03-06 11:15:00,96.86037364,97.06717798,96.19781416173,0.0021350768351216408,momentum_fade,9
2022-03-06 12:15:00,2022-03-09 14:00:00,97.19431814,96.59432422,96.63277607442,-0.006173137807662269,stop_loss,85
2022-03-14 15:15:00,2022-03-15 11:45:00,96.84563061,96.97498667,96.18414132825,0.001335693300619072,momentum_fade,12
2022-03-15 12:30:00,2022-03-16 12:45:00,97.03075435,97.45877534,96.56485727121,0.004411188935583159,momentum_fade,27
2022-03-16 14:00:00,2022-03-17 09:45:00,97.54334898,97.57263853,97.04442298545,0.0003002721385545916,momentum_fade,9
2022-03-17 10:45:00,2022-03-17 13:00:00,97.6439183,97.75014617,97.28060898302999,0.0010879107664813765,momentum_fade,9
2022-03-17 13:45:00,2022-03-17 13:30:00,97.7719729,97.79344288,97.35540387326999,0.00021959237768440508,momentum_fade,-1
2022-03-17 14:15:00,2022-03-18 14:00:00,97.81820994,97.82367364,97.35540387326999,5.585565308692721e-05,momentum_fade,25
2022-03-18 14:45:00,2022-03-18 14:30:00,97.85080791,97.8651462,97.50730605903,0.00014653215753911454,momentum_fade,-1
2022-03-18 15:15:00,2022-03-20 09:30:00,97.89247651,97.48474864,97.51151032056,-0.004165058281658013,stop_loss,29
2022-03-20 10:15:00,2022-03-20 13:30:00,97.53242162,97.30444767,97.3335253437,-0.0023374170989848946,stop_loss,13
2022-03-26 14:00:00,2022-03-27 13:30:00,97.13387378,97.87516235,96.83688233385,0.007631617489887725,momentum_fade,24
2022-03-28 10:00:00,2022-03-28 12:00:00,97.77566263,97.80370057,97.14911289075,0.0002867578622924273,momentum_fade,8
2022-03-28 13:00:00,2022-03-28 15:30:00,97.81872592,97.8352634,97.5726648648,0.00016906251685921224,momentum_fade,10
2022-03-29 10:30:00,2022-03-30 12:15:00,97.89666819,98.39563612,97.60582523124,0.005096883675669108,momentum_fade,33
2022-03-30 13:00:00,2022-03-31 14:15:00,98.56134919,99.25218658,97.74938648628,0.007009211984996759,momentum_fade,31
2022-03-31 15:30:00,2022-03-31 15:15:00,99.25643998,99.25651737,98.69757002361,7.796975190413963e-07,momentum_fade,-1
2022-04-01 09:30:00,2022-04-02 15:30:00,99.28537588,99.3046753,98.78199793119,0.0001943833100186058,momentum_fade,50
2022-04-03 10:15:00,2022-04-03 09:45:00,99.23706364,99.26082046,99.00147051891,0.0002393946286660067,momentum_fade,-2
2022-04-03 10:30:00,2022-04-05 13:00:00,99.28945259,100.6498992,99.00147051891,0.013701824055952294,momentum_fade,62
2022-04-05 13:45:00,2022-04-05 13:15:00,100.656048,100.6856167,100.04716818450001,0.00029375979474177916,momentum_fade,-2
2022-04-05 14:45:00,2022-04-06 11:00:00,100.6887269,100.8636335,100.1682879435,0.0017371021104846238,momentum_fade,11
2022-04-06 12:45:00,2022-04-06 15:15:00,100.7676178,100.7962433,100.4403782808,0.0002840743943835097,momentum_fade,10
2022-04-07 09:30:00,2022-04-08 10:15:00,100.8864726,100.9709881,100.51604334,0.0008377287640443765,momentum_fade,29
2022-04-08 11:00:00,2022-04-08 13:15:00,101.0040727,100.3170159,100.4805104085,-0.0068022682812075705,stop_loss,9
2022-04-08 14:00:00,2022-04-08 14:15:00,100.3711451,100.4044075,100.16504598869999,0.00033139404723198817,momentum_fade,1
2022-04-08 15:00:00,2022-04-09 09:30:00,100.469016,100.0962478,100.12927209840001,-0.0037102801922534595,stop_loss,4
2022-04-09 10:30:00,2022-04-09 10:00:00,100.1732131,100.1879116,99.9336816846,0.0001467308429583418,momentum_fade,-2
2022-04-09 10:45:00,2022-04-10 14:45:00,100.2179851,100.8353473,99.9336816846,0.006160193695612306,momentum_fade,42
2022-04-10 15:30:00,2022-04-10 15:45:00,100.9169232,100.9541619,100.58615306009999,0.00036900352110619223,momentum_fade,1
2022-04-11 10:45:00,2022-04-11 12:15:00,100.8972321,100.9020503,100.6504442046,4.775353991105717e-05,momentum_fade,6
2022-04-11 13:30:00,2022-04-12 09:30:00,100.8521401,100.902966,100.6504442046,0.0005039645162671827,momentum_fade,10
2022-04-12 10:30:00,2022-04-12 12:00:00,100.9115169,100.9542547,100.5611519862,0.0004235175658132617,momentum_fade,6
2022-04-12 13:00:00,2022-04-12 12:30:00,100.9280742,100.9300321,100.66394359169999,1.939896322729835e-05,momentum_fade,-2
2022-04-12 13:15:00,2022-04-12 15:45:00,100.9426264,100.9867261,100.676504718,0.0004368788644873604,momentum_fade,10
2022-04-19 11:30:00,2022-04-20 11:00:00,100.4051993,100.6895612,99.64812325886999,0.0028321431756770914,momentum_fade,24
2022-04-22 15:00:00,2022-04-24 09:45:00,99.96683078,101.0298499,99.56742312978001,0.010633718321424283,momentum_fade,31
2022-04-24 10:45:00,2022-04-24 14:15:00,101.0484384,101.2562757,100.376831691,0.002056808628524124,momentum_fade,14
2022-04-24 15:00:00,2022-04-25 14:45:00,101.2811548,101.4786886,100.81701167039999,0.0019503509847421507,momentum_fade,25
2022-04-26 12:15:00,2022-04-27 10:30:00,101.2373603,101.2698383,101.0012329647,0.0003208104192341092,momentum_fade,19
2022-04-27 11:15:00,2022-04-27 10:45:00,101.2717567,101.3031909,101.0215855917,0.00031039453668336276,momentum_fade,-2
2022-04-27 11:30:00,2022-04-28 15:45:00,101.3336483,100.9608052,101.0215855917,-0.003679361261090579,stop_loss,43
2022-05-12 10:00:00,2022-05-12 12:45:00,98.14704717,98.25067153,97.75882385946,0.0010558072095691758,momentum_fade,11
2022-05-12 14:00:00,2022-05-13 15:30:00,98.28665048,97.84851171,97.86807636759,-0.004457764791660738,stop_loss,32
2022-05-22 10:45:00,2022-05-23 14:00:00,97.37979925,97.46255,96.96453054786001,0.0008497732654751618,momentum_fade,39
2022-05-23 15:00:00,2022-05-24 13:30:00,97.508458,97.74373049,97.05286817180999,0.002412841868548468,momentum_fade,20
2022-05-24 14:45:00,2022-05-25 13:15:00,97.72609251,97.95521622,97.30301715243,0.00234454999801154,momentum_fade,20
2022-05-25 14:45:00,2022-05-25 14:30:00,97.81279558,97.84340036,97.60074515640001,0.00031289137396112073,momentum_fade,-1
2022-05-25 15:30:00,2022-05-26 10:45:00,97.88806915,97.89615951,97.58261717253,8.264909166406901e-05,momentum_fade,7
2022-05-26 11:30:00,2022-05-26 13:00:00,97.93442312,97.97009721,97.58261717253,0.0003642650751747293,momentum_fade,6
2022-05-26 13:45:00,2022-05-26 14:00:00,97.97577707,98.00067094,97.64152967106,0.00025408188375187796,momentum_fade,1
2022-05-26 15:45:00,2022-05-27 14:15:00,98.03992659,98.16050658,97.7292947781,0.0012299069796764745,momentum_fade,20
2022-05-28 10:15:00,2022-05-29 09:45:00,98.04773352,97.74912552,97.81915675617,-0.003045536997946787,stop_loss,24
2022-05-29 10:45:00,2022-05-29 15:30:00,97.76119832,97.78094163,97.57006938287999,0.00020195445983968086,momentum_fade,19
2022-06-05 10:00:00,2022-06-05 14:30:00,97.69570848,97.99092236,97.40848261139999,0.0030217691707557564,momentum_fade,18
2022-06-06 09:30:00,2022-06-07 12:00:00,97.94742635,97.6017183,97.61885743599001,-0.003529526633652064,stop_loss,36
2022-06-13 11:30:00,2022-06-13 14:45:00,97.68420193,97.90153012,97.01321975991,0.0022248038649662076,momentum_fade,13
2022-06-14 09:30:00,2022-06-14 09:45:00,97.96438131,97.40718739,97.44004330911,-0.005687719480785531,stop_loss,1
2022-06-14 10:30:00,2022-06-16 10:15:00,97.60916802,97.62235006,97.23359155752,0.00013504919944920334,momentum_fade,51
2022-06-16 11:15:00,2022-06-16 11:00:00,97.56082308,97.57314474,97.34942817495,0.00012629721245682824,momentum_fade,-1
2022-06-16 11:45:00,2022-06-17 09:45:00,97.60298466,97.86903982,97.34942817495,0.002725891640781238,momentum_fade,18
2022-06-17 10:30:00,2022-06-18 14:15:00,97.8888103,97.97813896,97.42705375167,0.0009125523103838612,momentum_fade,41
2022-06-18 15:30:00,2022-06-18 15:45:00,97.97682215,97.98117779,97.65988622613,4.445582030953832e-05,momentum_fade,1
2022-06-19 10:15:00,2022-06-20 12:30:00,97.99947388,98.0429159,97.73909777528999,0.0004432882981922446,momentum_fade,35
2022-06-20 13:15:00,2022-06-20 15:30:00,98.14523644,98.1524472,97.62417964845,7.347030035839438e-05,momentum_fade,9
2022-06-21 10:15:00,2022-06-21 10:30:00,98.02593012,98.04345099,97.87567504131,0.00017873709515992366,momentum_fade,1
2022-06-21 12:00:00,2022-06-21 14:45:00,98.13960918,98.31407453,97.72608435174,0.0017777261541771052,momentum_fade,11
2022-06-22 09:30:00,2022-06-23 15:30:00,98.23330073,99.67167089,97.83190661354999,0.014642388572012359,momentum_fade,50
2022-06-24 10:00:00,2022-06-24 14:30:00,99.71929062,100.0011498,99.0446867694,0.0028265261239580797,momentum_fade,18
2022-06-24 15:15:00,2022-06-25 15:45:00,100.1167667,100.4429718,99.5126186691,0.00325824645313876,momentum_fade,28
2022-06-26 10:00:00,2022-06-26 14:00:00,100.5811704,100.8857865,99.87435196371,0.0030285599062783407,momentum_fade,16
2022-06-26 14:45:00,2022-06-27 12:15:00,100.9044301,100.9155284,100.26468714779999,0.00010998823331147727,momentum_fade,16
2022-06-27 13:00:00,2022-06-28 11:15:00,100.9382589,100.5853416,100.61494214220001,-0.0034963680159138077,stop_loss,19
2022-06-28 12:00:00,2022-06-28 11:45:00,100.623125,100.6333064,100.43958487500001,0.0001011835003136043,momentum_fade,-1
2022-06-28 14:30:00,2022-06-29 10:15:00,100.1003397,99.85016068,99.86962688352001,-0.0024992824275101282,stop_loss,9
2022-07-11 11:00:00,2022-07-12 14:30:00,97.24719294,97.58039441,96.99756140394001,0.0034263350943771896,momentum_fade,40
2022-07-12 15:15:00,2022-07-13 13:45:00,97.65645775,98.01059212,97.06524412347,0.0036263282342943372,momentum_fade,20
2022-07-13 15:15:00,2022-07-14 10:30:00,98.01459933,98.48860307,97.56015424793999,0.004836052417090471,momentum_fade,7
2022-07-14 12:00:00,2022-07-15 12:30:00,98.70545202,99.35385928,97.799625477,0.006569112918591536,momentum_fade,28
2022-07-15 13:15:00,2022-07-17 09:45:00,99.47128831,100.4077874,98.83598894613,0.00941476787835923,momentum_fade,38
2022-07-17 10:30:00,2022-07-17 10:00:00,100.4094054,100.4553751,99.61214722092,0.000457822649351139,momentum_fade,-2
2022-07-17 11:15:00,2022-07-18 09:45:00,100.4618851,100.696005,99.83731661613001,0.0023304350676572765,momentum_fade,20
2022-07-18 10:30:00,2022-07-18 13:30:00,100.7595896,100.7930067,100.30756842359999,0.0003316518073631406,momentum_fade,12
2022-07-18 14:30:00,2022-07-18 14:00:00,100.7262298,100.7545696,100.50699030210001,0.00028135471819275515,momentum_fade,-2
2022-07-18 15:15:00,2022-07-19 11:00:00,100.7443646,101.1177142,100.50699030210001,0.003705910514025887,momentum_fade,9
2022-07-19 13:30:00,2022-07-20 11:45:00,101.0504534,101.3114144,100.5122095776,0.002582482227635496,momentum_fade,19
2022-07-20 12:30:00,2022-07-20 14:45:00,101.3514147,101.375232,100.9038982968,0.000234997213117247,momentum_fade,9
2022-07-21 11:15:00,2022-07-21 11:00:00,101.2382758,101.2487788,101.07141541200001,0.00010374534648090015,momentum_fade,-1
2022-07-22 09:45:00,2022-07-22 12:30:00,100.8905951,100.9477627,100.7179597215,0.0005666296243305601,momentum_fade,11
2022-07-22 13:15:00,2022-07-23 12:00:00,101.041817,101.3961948,100.6439117436,0.0035072389879925543,momentum_fade,21
2022-07-23 13:45:00,2022-07-28 09:30:00,101.4854053,100.4632436,100.6857832302,-0.010072006876046816,stop_loss,113
2022-07-31 13:45:00,2022-08-01 09:30:00,101.0881776,101.113022,100.3031515449,0.0002457695903700446,momentum_fade,9
2022-08-12 15:30:00,2022-08-13 10:45:00,97.45148111,97.46848853,96.80880235193999,0.00017452192420555786,momentum_fade,7
2022-08-13 11:30:00,2022-08-13 13:00:00,97.48082906,97.48287449,97.07717673891,2.0982894992988714e-05,momentum_fade,6
2022-08-13 13:45:00,2022-08-16 10:30:00,97.53660807,97.67836108,97.21773687807,0.001453331347121165,momentum_fade,65
2022-08-16 11:15:00,2022-08-16 13:45:00,97.71779731,97.79931645,97.29078476706,0.0008342302246273556,momentum_fade,10
2022-08-16 15:15:00,2022-08-17 13:45:00,97.79186391,98.40814106,97.52601409227,0.006301926615972626,momentum_fade,20
2022-08-17 15:00:00,2022-08-18 12:15:00,98.43415473,98.54302785,97.53199932105,0.0011060502352931453,momentum_fade,15
2022-08-18 13:30:00,2022-08-19 13:45:00,98.66791444,98.69300908,98.21009558601,0.0002543343511659193,momentum_fade,27
2022-08-19 14:45:00,2022-08-20 11:00:00,98.67306652,98.72171847,98.33650432073999,0.0004930621061638097,momentum_fade,11
2022-08-20 12:00:00,2022-08-20 14:00:00,98.71923928,98.76856147,98.43996241908,0.0004996208475645179,momentum_fade,8
2022-08-20 14:45:00,2022-08-21 13:00:00,98.88526853,99.17773349,98.44303071771,0.002957619110992867,momentum_fade,19
2022-08-21 13:45:00,2022-08-22 14:15:00,99.24217784,99.84382271,98.65450369304999,0.006062390841220592,momentum_fade,28
2022-08-22 15:15:00,2022-08-23 12:30:00,99.97368805,100.5880193,99.07775422883999,0.0061449293507382236,momentum_fade,15
2022-08-23 14:45:00,2022-08-24 14:00:00,100.4943371,100.7612329,99.84320755929,0.002655829250701136,momentum_fade,23
2022-08-24 14:45:00,2022-08-24 15:45:00,100.844137,100.1613905,100.2705668622,-0.006770314272212052,stop_loss,4
2022-08-25 11:00:00,2022-08-26 10:30:00,100.006709,100.3525515,99.80019254736,0.003458192989832346,momentum_fade,24
2022-08-26 12:00:00,2022-08-27 10:15:00,100.2999102,99.98882216,99.9942157899,-0.003101578449867858,stop_loss,19
2022-08-27 13:00:00,2022-08-28 09:30:00,99.9030483,99.73323286,99.73420928667,-0.0016998023873110747,stop_loss,12
2022-09-10 09:30:00,2022-09-10 11:30:00,96.94849055,97.15135528,96.49498507335,0.002092500139498064,momentum_fade,8
2022-09-10 14:45:00,2022-09-11 11:00:00,97.22547864,97.24663395,96.71526706086,0.00021759018619316804,momentum_fade,11
2022-09-11 12:15:00,2022-09-11 14:45:00,97.3002103,97.36580211,96.98995912382999,0.0006741178646764015,momentum_fade,10
2022-09-11 15:30:00,2022-09-12 12:00:00,97.38956381,97.56719717,97.0567482978,0.001823946561117692,momentum_fade,12
2022-09-12 12:45:00,2022-09-12 13:00:00,97.57311165,97.58841909,97.1340997689,0.00015688174478753377,momentum_fade,1
2022-09-12 13:45:00,2022-09-13 10:00:00,97.62981746,97.79129039,97.1340997689,0.0016539304712534098,momentum_fade,11
2022-09-13 10:45:00,2022-09-13 10:15:00,97.8132918,97.82109554,97.36927095231,7.978199952575309e-05,momentum_fade,-2
2022-09-13 11:00:00,2022-09-14 14:00:00,97.85778642,98.19008158,97.36927095231,0.00339569463153202,momentum_fade,38
2022-09-14 14:45:00,2022-09-14 14:30:00,98.24921855,98.25937632,97.67045062116,0.00010338779432466432,momentum_fade,-1
2022-09-15 09:30:00,2022-09-16 12:15:00,98.28868609,97.77605739,97.78099925187,-0.005215541283465674,stop_loss,37
2022-09-16 13:30:00,2022-09-18 14:00:00,97.9288362,97.44570799,97.45584893766001,-0.004933462182817238,stop_loss,54
2022-09-20 15:45:00,2022-09-21 11:30:00,97.93964272,98.15944196,97.04430952902,0.002244231588922427,momentum_fade,9
2022-09-21 13:00:00,2022-09-21 14:45:00,98.22816249,98.35484607,97.56263417553,0.0012896869572704048,momentum_fade,7
2022-09-22 10:30:00,2022-09-22 13:45:00,98.36433933,98.56531857,98.00723127338999,0.0020432124219910137,momentum_fade,13
2022-09-22 14:30:00,2022-09-23 09:45:00,98.66890739,98.75636575,98.07389690103,0.0008863821675283213,momentum_fade,7
2022-09-23 10:30:00,2022-09-23 13:45:00,98.84819144,99.11748325,98.34528205422,0.002724296783552895,momentum_fade,13
2022-09-23 14:30:00,2022-09-24 09:45:00,99.21871209,99.25884965,98.55161931042,0.0004045361923625542,momentum_fade,7
2022-09-24 10:30:00,2022-09-25 15:00:00,99.34214804,98.77351902,98.77643086383,-0.005723945286254986,stop_loss,44
2022-09-25 15:45:00,2022-09-25 15:15:00,98.79568257,98.80132999,98.59230361539001,5.716261938876862e-05,momentum_fade,-2
2022-09-26 09:30:00,2022-09-26 15:00:00,98.86531054,98.59217607,98.59230361539001,-0.0027626926826826133,stop_loss,22
2022-10-06 12:45:00,2022-10-10 14:45:00,96.98161872,96.10476713,96.15170599605,-0.009041420442069532,stop_loss,112
2022-10-19 13:00:00,2022-10-20 13:45:00,95.65600243,95.94821755,95.25674443347,0.003054853982778909,momentum_fade,29
2022-10-20 14:30:00,2022-10-21 11:00:00,96.11817485,96.26273117,95.42328601518,0.0015039436633663087,momentum_fade,12
2022-10-21 12:15:00,2022-10-21 12:30:00,96.22391008,96.24516205,95.77173776463,0.0002208595554092523,momentum_fade,1
2022-10-21 13:15:00,2022-10-21 14:15:00,96.30497479,96.31264998,95.892179832,7.969671366133274e-05,momentum_fade,4
2022-10-21 15:00:00,2022-10-22 14:30:00,96.45015458,96.89462338,95.96246778369,0.004608274625742913,momentum_fade,24
2022-10-22 15:15:00,2022-10-24 12:15:00,97.07423296,97.26114267,96.3877685472,0.0019254307173048899,momentum_fade,40
2022-10-24 13:15:00,2022-10-26 09:30:00,97.35440143,96.79135067,96.81706299302999,-0.005783516222477543,stop_loss,37
2022-10-26 12:15:00,2022-10-26 14:15:00,96.60249757,96.3057529,96.37454899998,-0.00307181157283194,stop_loss,8
2022-11-06 11:00:00,2022-11-06 12:00:00,94.79260533,94.80646347,94.35950049555,0.0001461943149653107,momentum_fade,4
2022-11-06 12:45:00,2022-11-06 15:30:00,94.86597551,94.94657183,94.41621374553,0.0008495808910066196,momentum_fade,11
2022-11-07 09:45:00,2022-11-07 11:15:00,95.28613309,95.29927665,94.59470241819001,0.0001379378045237133,momentum_fade,6
2022-11-07 14:30:00,2022-11-11 12:30:00,95.21081831,94.70200437,94.73239468809001,-0.0053440769550297555,stop_loss,96
2022-11-12 09:30:00,2022-11-13 12:45:00,94.92506058,95.08940971,94.52894518125001,0.001731356598519066,momentum_fade,39
2022-11-13 13:30:00,2022-11-13 15:45:00,95.2174543,95.26348655,94.70284120116,0.00048344340161587485,momentum_fade,9
2022-11-14 10:30:00,2022-11-14 14:45:00,95.26416405,95.65441696,94.93340314842,0.004096534241303731,momentum_fade,17
2022-11-15 10:00:00,2022-11-15 09:45:00,95.5790655,95.58285368,95.07149599734,3.963399286427222e-05,momentum_fade,-1
2022-11-15 11:15:00,2022-11-15 12:00:00,95.53377111,95.55783525,95.20978383108,0.0002518914486510216,momentum_fade,3
2022-11-15 12:45:00,2022-11-16 10:45:00,95.61514832,95.3269287,95.33590324542,-0.0030143719385908145,stop_loss,18
2022-11-16 12:15:00,2022-11-16 15:45:00,95.27805781,95.29257171,95.0941178928,0.00015233203041292338,momentum_fade,14
2022-11-17 10:00:00,2022-11-17 12:15:00,95.29397631,95.37297465,95.03278857351,0.0008289961554653724,momentum_fade,9
2022-11-17 13:00:00,2022-11-17 13:15:00,95.41071524,95.45172584,95.05837469178,0.00042983222478558153,momentum_fade,1
2022-11-17 14:00:00,2022-11-20 13:30:00,96.1517806,96.39497865,95.05837469178,0.002529314054117514,momentum_fade,76
2022-11-20 14:15:00,2022-11-21 13:30:00,96.59983738,97.23770464,95.93533579284001,0.006603191861398217,momentum_fade,23
2022-11-21 15:00:00,2022-11-21 15:15:00,96.76399313,96.77108805,96.53423798115,7.332190177877703e-05,momentum_fade,1
2022-11-22 09:30:00,2022-11-22 11:45:00,96.84467185,96.84521616,96.52986549801001,5.620443433918437e-06,momentum_fade,9
2022-11-22 12:30:00,2022-11-22 14:15:00,96.95043636,97.00204239,96.52986549801001,0.0005322929110744446,momentum_fade,7
2022-11-22 15:15:00,2022-11-23 10:30:00,97.13773981,97.1859889,96.60873973481999,0.000496707974618035,momentum_fade,7
2022-11-23 11:15:00,2022-11-23 14:30:00,97.31049974,97.33389149,96.75307575432,0.00024038259039365018,momentum_fade,13
2022-11-23 15:30:00,2022-11-23 15:00:00,97.3331521,97.35764362,97.01411232645,0.00025162567400298944,momentum_fade,-2
2022-11-23 15:45:00,2022-11-25 10:15:00,97.37270446,97.99159806,97.01411232645,0.006355924932271384,momentum_fade,30
2022-11-25 11:00:00,2022-11-25 12:30:00,98.01891023,98.04400534,97.25906255103,0.0002560231484017714,momentum_fade,6
2022-11-25 13:15:00,2022-11-26 10:45:00,98.08713594,98.23476963,97.72216153848,0.0015051279516440775,momentum_fade,16
2022-11-26 11:30:00,2022-11-26 13:30:00,98.34026214,98.47152033,97.85915176113,0.0013347350021616605,momentum_fade,8
2022-11-26 14:15:00,2022-11-26 14:30:00,98.49620508,98.52459291,97.96845553794,0.0002882124237877265,momentum_fade,1
2022-11-26 15:15:00,2022-11-27 13:00:00,98.5571701,98.61812294,98.05549519116,0.0006184516046693289,momentum_fade,17
2022-11-27 15:30:00,2022-11-28 10:45:00,98.48106081,98.49721133,98.31009240909,0.0001639962025912351,momentum_fade,7
2022-11-28 11:30:00,2022-11-28 14:30:00,98.52409228,98.75518828,98.29067811282,0.0023455785752710284,momentum_fade,12
2022-11-28 15:45:00,2022-11-28 15:30:00,98.73719204,98.77685107,98.30968086105001,0.0004016625263552504,momentum_fade,-1
2022-11-29 10:00:00,2022-11-29 09:30:00,98.76813993,98.7730003,98.30968086105001,4.9209897072554345e-05,momentum_fade,-2
2022-11-29 10:15:00,2022-11-29 15:45:00,98.82648162,98.85382466,98.30968086105001,0.0002766772584816139,momentum_fade,22
2022-11-30 10:00:00,2022-11-30 11:45:00,98.89845006,98.91409898,98.56499864769,0.00015823220677887173,momentum_fade,7
2022-11-30 12:45:00,2022-11-30 13:00:00,98.79380544,98.80767714,98.62475526126,0.00014041062532428058,momentum_fade,1
2022-11-30 14:15:00,2022-12-01 11:00:00,98.82243629,98.82918298,98.60216061852,6.82708325486067e-05,momentum_fade,13
2022-12-01 12:45:00,2022-12-02 10:30:00,98.6832189,98.40960877,98.48413807920001,-0.00277261051118788,stop_loss,17
2022-12-06 12:15:00,2022-12-07 09:45:00,98.62463438,98.86315307,98.26155757251,0.0024184494218856263,momentum_fade,16
2022-12-07 10:45:00,2022-12-08 09:45:00,98.84292631,99.0136841,98.45184505454999,0.0017275671246768287,momentum_fade,22
2022-12-08 11:30:00,2022-12-08 14:00:00,98.95802057,98.97838772,98.67891696534,0.0002058160610194433,momentum_fade,10
2022-12-08 14:45:00,2022-12-09 11:00:00,99.0285412,99.49952395,98.68958604558,0.004756030375614483,momentum_fade,11
2022-12-09 14:45:00,2022-12-09 15:00:00,99.24512908,99.24896508,99.07883727471001,3.865177097925574e-05,momentum_fade,1
2022-12-10 10:30:00,2022-12-10 12:30:00,99.12447071,98.9240554,98.92992618486,-0.0020218550330153564,stop_loss,8
2022-12-10 13:45:00,2022-12-10 15:30:00,98.90429821,98.92823814,98.71586454078,0.0002420514622042087,momentum_fade,7
2022-12-11 10:30:00,2022-12-11 10:00:00,98.89165765,98.91380872,98.69773725621,0.00022399331274640345,momentum_fade,-2
2022-12-11 10:45:00,2022-12-12 14:00:00,98.95838106,98.68895641,98.69773725621,-0.002722605676386665,stop_loss,39
2022-12-14 14:30:00,2022-12-15 10:00:00,99.08108646,99.13836578,98.41901553693,0.0005781054896196619,momentum_fade,8
2022-12-15 10:45:00,2022-12-15 12:45:00,99.20509203,99.35109868,98.65484072568,0.0014717656827116386,momentum_fade,8
2022-12-15 13:30:00,2022-12-16 10:30:00,99.44885534,99.45967374,98.95161130803,0.00010878355475303064,momentum_fade,14
2022-12-16 12:45:00,2022-12-16 15:30:00,99.25655372,99.28999413,99.08349590142,0.0003369088362097648,momentum_fade,11
2022-12-17 09:45:00,2022-12-17 13:45:00,99.30395829,99.52272844,99.03658489938,0.002203035546288267,momentum_fade,16
2022-12-17 14:30:00,2022-12-18 11:45:00,99.63337731,99.66721089,99.11979510588,0.0003395807801911266,momentum_fade,15
2022-12-18 12:45:00,2022-12-18 13:00:00,99.59512904,99.6112242,99.31476077505,0.00016160589533979777,momentum_fade,1
2022-12-18 14:00:00,2022-12-18 15:30:00,99.57136938,99.33732059,99.35664322068001,-0.0023505631333317774,stop_loss,6
2022-12-19 09:45:00,2022-12-19 09:30:00,99.4362613,99.4400768,99.17215228629,3.837131394643202e-05,momentum_fade,-1
2022-12-19 10:45:00,2022-12-20 14:00:00,99.40957892,99.43821428,99.17215228629,0.0002880543335068334,momentum_fade,39
2022-12-20 14:45:00,2022-12-20 14:30:00,99.48609115,99.48854965,99.03825656603999,2.4711997140346266e-05,momentum_fade,-1
2022-12-20 15:15:00,2022-12-21 13:45:00,99.56946084,99.62964535,99.03825656603999,0.000604447483116442,momentum_fade,20
2022-12-21 14:30:00,2022-12-22 12:00:00,99.74685247,99.7530581,99.27131784147,6.221379267959614e-05,momentum_fade,16
2022-12-22 12:45:00,2022-12-22 13:00:00,99.77587242,99.82602982,99.45156219669,0.0005027006908931757,momentum_fade,1
2022-12-22 13:45:00,2022-12-23 10:30:00,99.86458609,99.89500425,99.51814863359999,0.00030459406272993463,momentum_fade,13
2022-12-23 12:00:00,2022-12-23 14:00:00,99.86470392,99.94061635,99.64388785851,0.0007601527568820982,momentum_fade,8
2022-12-24 10:00:00,2022-12-24 12:45:00,99.8168915,99.58843977,99.61708346972999,-0.002288708119106307,stop_loss,11
2022-12-24 13:45:00,2022-12-24 14:45:00,99.67972407,99.69584011,99.41630699718,0.0001616782164112184,momentum_fade,4
2022-12-24 15:30:00,2022-12-25 12:00:00,99.72081048,99.31785795,99.41630699718,-0.004040806809134482,stop_loss,12
2023-01-03 13:15:00,2023-01-04 12:15:00,99.56501728,99.75470768,98.82459655992,0.0019051912527322293,momentum_fade,22
2023-01-04 15:15:00,2023-01-06 13:30:00,99.81102623,99.42730401,99.43835042169,-0.0038444872725360386,stop_loss,45
2023-01-06 14:15:00,2023-01-06 14:30:00,99.48033119,99.48691707,99.25337205522,6.62028354873929e-05,momentum_fade,1
2023-01-06 15:15:00,2023-01-07 09:45:00,99.50088701,99.54583473,99.25337205522,0.000451731852355033,momentum_fade,4
2023-01-07 10:45:00,2023-01-07 10:30:00,99.52035901,99.53484325,99.25337205522,0.0001455404717594716,momentum_fade,-1
2023-01-07 12:15:00,2023-01-07 14:30:00,99.44773031,99.56096968,99.23425599042,0.0011386822971928144,momentum_fade,9
2023-01-07 15:15:00,2023-01-08 11:00:00,99.67721922,99.77060323,99.23132475459,0.0009368641173054616,momentum_fade,9
2023-01-08 11:45:00,2023-01-08 14:45:00,99.90516328,100.2011527,99.29723460876001,0.002962703931231671,momentum_fade,12
2023-01-08 15:30:00,2023-01-08 15:15:00,100.2028458,100.2143654,99.53886785364,0.00011496280278298982,momentum_fade,-1
2023-01-09 09:30:00,2023-01-09 12:00:00,100.332359,100.4563428,99.58184678169,0.0012357309370150946,momentum_fade,10
2023-01-09 13:00:00,2023-01-10 09:45:00,100.503784,100.535639,99.9986270742,0.00031695324028802036,momentum_fade,13
2023-01-10 10:30:00,2023-01-10 10:45:00,100.5516852,100.6083346,100.1938067991,0.0005633858834621695,momentum_fade,1
2023-01-10 11:30:00,2023-01-11 13:00:00,100.6975911,100.7206168,100.22753453760001,0.00022866187511018965,momentum_fade,32
2023-01-11 14:45:00,2023-01-12 10:30:00,100.5006691,100.5468977,100.2840929226,0.00045998300721767315,momentum_fade,9
2023-01-12 12:00:00,2023-01-13 10:15:00,100.5588812,100.2258906,100.2694100202,-0.0033113992123452764,stop_loss,19
2023-01-13 11:00:00,2023-01-13 11:15:00,100.228542,100.239641,100.0677886434,0.00011073691962915637,momentum_fade,1
2023-01-13 13:15:00,2023-01-13 15:45:00,100.2142618,99.9161879,99.9587249163,-0.002974366069720484,stop_loss,10
2023-01-24 15:30:00,2023-01-25 11:30:00,97.48377233,97.49651481,96.97539414339,0.00013071385827032245,momentum_fade,10
2023-01-25 12:15:00,2023-01-26 10:15:00,97.63799493,97.6555533,97.01660898729,0.00017983132501417349,momentum_fade,18
2023-01-26 11:00:00,2023-01-28 14:45:00,97.72251745,97.31066917,97.31763712782,-0.0042144665400246605,stop_loss,67
2023-01-28 15:30:00,2023-01-29 09:45:00,97.40127893,97.05118233,97.16438260575,-0.0035943737479217975,stop_loss,3
2023-01-29 14:15:00,2023-01-30 09:45:00,97.52503387,97.57292809,96.879587436,0.0004910966764066546,momentum_fade,8
2023-01-30 10:45:00,2023-01-30 15:15:00,97.5629808,97.63875837,97.07673411198,0.0007767041287446972,momentum_fade,18
2023-01-31 09:30:00,2023-02-03 12:00:00,97.65394064,99.34098462,97.27302973986001,0.017275738889219683,momentum_fade,88
2023-02-03 12:45:00,2023-02-04 11:15:00,99.46660633,100.1496543,98.7702461847,0.006867108421632925,momentum_fade,20
2023-02-04 12:15:00,2023-02-04 15:00:00,100.2312188,100.3822615,99.35712544797,0.0015069426652527644,momentum_fade,11
2023-02-04 15:45:00,2023-02-05 11:30:00,100.466349,100.477072,99.95900024070001,0.00010673225519534822,momentum_fade,9
2023-02-05 12:45:00,2023-02-05 14:30:00,100.3606415,100.3753182,100.15662721589999,0.00014623959931538933,momentum_fade,7
2023-02-05 15:15:00,2023-02-06 14:45:00,100.4077001,100.7027511,100.1300125572,0.0029385296118340314,momentum_fade,24
2023-02-07 10:30:00,2023-02-07 15:30:00,100.4528594,100.5616883,100.2665664666,0.0010833827991560986,momentum_fade,20
2023-02-08 10:00:00,2023-02-08 09:30:00,100.5567641,100.5907988,100.1527863606,0.0003384625619631144,momentum_fade,-2
2023-02-08 10:30:00,2023-02-08 10:00:00,100.5542866,100.5567641,100.1527863606,2.4638432470343737e-05,momentum_fade,-2
2023-02-08 11:30:00,2023-02-09 11:00:00,100.5874441,100.1135805,100.2046585365,-0.004710961733244809,stop_loss,24
2023-02-14 12:15:00,2023-02-15 12:00:00,100.231176,99.71660338,99.74402745867,-0.005133857952539735,stop_loss,25
2023-02-16 11:30:00,2023-02-16 13:30:00,99.9860517,100.1627334,99.52348947741001,0.0017670634753146168,momentum_fade,8
2023-02-16 15:00:00,2023-02-17 13:45:00,100.1227368,100.2560936,99.6584491926,0.0013319332277781024,momentum_fade,21
2023-02-17 15:45:00,2023-02-19 10:15:00,100.3174115,100.4312025,99.80275397337,0.0011343095709760412,momentum_fade,30
2023-02-19 14:45:00,2023-02-20 13:15:00,100.1536666,100.171059,99.9770091138,0.00017365714696665572,momentum_fade,20
2023-02-20 14:00:00,2023-02-21 11:00:00,100.1949322,100.2991149,99.86699459844,0.0010398000947997022,momentum_fade,14
2023-02-21 11:45:00,2023-02-23 15:30:00,100.5288871,99.96048044,99.992306601,-0.005654162464114336,stop_loss,67
2023-03-01 13:00:00,2023-03-01 15:15:00,100.1615151,100.2231325,99.71878853286,0.000615180390776686,momentum_fade,9
2023-03-02 09:30:00,2023-03-03 13:15:00,100.2650222,100.298243,99.76977411624,0.0003313299022038731,momentum_fade,41
2023-03-03 14:00:00,2023-03-04 15:15:00,100.3716103,99.49106074,99.92810866319999,-0.00877289461998405,stop_loss,31
2023-03-15 10:00:00,2023-03-16 10:30:00,98.85434527,99.36986634,98.24124719322,0.005214956091125457,momentum_fade,28
2023-03-16 11:30:00,2023-03-16 13:30:00,99.40512599,99.41366889,98.86531837733999,8.594023612881094e-05,momentum_fade,8
2023-03-16 14:15:00,2023-03-17 13:30:00,99.71175306,100.1012137,99.1453698855,0.003905864936158969,momentum_fade,23
2023-03-17 14:15:00,2023-03-18 12:45:00,100.1066219,100.1710346,99.57589847595,0.0006434409510326852,momentum_fade,20
2023-03-18 13:30:00,2023-03-18 14:15:00,100.2062369,100.2808271,99.8075027898,0.0007443668409027238,momentum_fade,3
2023-03-19 10:00:00,2023-03-19 09:45:00,100.1481895,100.1543508,99.89590707702,6.152183110611557e-05,momentum_fade,-1
2023-03-19 10:30:00,2023-03-19 12:45:00,100.1998251,99.88154225,99.93478937580001,-0.0031764810934785032,stop_loss,9
2023-03-19 14:00:00,2023-03-20 13:15:00,100.4297878,99.69260534,99.71811411795,-0.007340276985032121,stop_loss,23
2023-03-20 14:45:00,2023-03-21 12:45:00,99.65394458,99.40493823,99.41528822696999,-0.002498710422848391,stop_loss,18
2023-03-22 11:15:00,2023-03-23 12:45:00,100.0104897,100.0370209,99.19829356884,0.0002652841724862384,momentum_fade,32
2023-03-24 14:15:00,2023-03-25 11:30:00,100.0046488,100.1214375,99.28557579924,0.0011678327097929945,momentum_fade,15
2023-03-25 12:15:00,2023-03-25 14:30:00,100.1731711,100.1872408,99.69811770438,0.00014045377465337312,momentum_fade,9
2023-03-25 15:15:00,2023-03-26 11:45:00,100.3127146,100.4262508,99.92094603299999,0.001131822625404244,momentum_fade,12
2023-03-26 14:45:00,2023-03-27 12:00:00,100.3486837,100.3804151,100.1111019867,0.0003162114223128389,momentum_fade,15
2023-03-27 12:45:00,2023-03-27 15:30:00,100.4665192,101.0229754,100.088580231,0.005538722794727955,momentum_fade,11
2023-03-28 13:00:00,2023-03-30 13:45:00,100.9338553,100.9624313,100.2166718112,0.0002831161052460169,momentum_fade,55
2023-03-30 15:00:00,2023-03-30 15:15:00,100.9324458,100.9367861,100.3282854858,4.300202938319893e-05,momentum_fade,1
2023-03-31 10:45:00,2023-03-31 13:15:00,100.8439234,100.8578682,100.4490459045,0.00013828101416375892,momentum_fade,10
2023-03-31 14:00:00,2023-04-01 15:00:00,100.9665423,100.4036287,100.5924176892,-0.0055752488614240845,stop_loss,30
2023-04-02 13:45:00,2023-04-03 14:00:00,100.9911197,101.0508665,100.1943005049,0.0005916044913402343,momentum_fade,27
2023-04-03 15:30:00,2023-04-04 12:00:00,100.9918136,101.3242306,100.48062978899999,0.0032915242151865527,momentum_fade,12
2023-04-04 15:00:00,2023-04-04 15:15:00,101.0841551,101.0889569,100.90356483059999,4.750299386926999e-05,momentum_fade,1
2023-04-05 09:30:00,2023-04-05 11:30:00,101.1112398,101.1932799,100.8018135837,0.0008113845717079831,momentum_fade,8
2023-04-05 12:45:00,2023-04-07 12:15:00,101.1579709,101.2081639,100.8018135837,0.0004961843298500491,momentum_fade,50
2023-04-07 13:30:00,2023-04-08 13:30:00,101.2079404,102.0454758,100.9041292656,0.008275392194425165,momentum_fade,26
2023-04-08 14:15:00,2023-04-10 10:30:00,102.1744415,102.4749467,101.3870346768,0.0029410995116621553,momentum_fade,37
2023-04-10 11:15:00,2023-04-10 11:00:00,102.4843934,102.5182984,101.8204524252,0.00033083085995027505,momentum_fade,-1
2023-04-10 12:00:00,2023-04-11 10:00:00,102.5757965,102.6552462,101.8204524252,0.0007745462644299121,momentum_fade,18
2023-04-11 10:45:00,2023-04-11 13:30:00,102.7874613,102.8817694,102.3478194303,0.0009175058787057728,momentum_fade,11
2023-04-11 15:15:00,2023-04-12 12:45:00,102.828295,103.1118623,102.4907458608,0.0027576777384084937,momentum_fade,16
2023-04-12 13:45:00,2023-04-13 10:00:00,103.1061621,103.3178278,102.6077124771,0.002052890881484934,momentum_fade,11
2023-04-13 12:45:00,2023-04-13 12:15:00,102.8933215,102.9055909,102.6858544569,0.00011924389086815602,momentum_fade,-2
2023-04-14 09:30:00,2023-04-14 12:00:00,102.4743345,102.4997194,102.2716395864,0.0002477195887523029,momentum_fade,10
2023-04-27 13:30:00,2023-04-28 12:00:00,101.2333838,100.7372697,100.8057790143,-0.00490069660202349,stop_loss,20
2023-04-29 15:30:00,2023-04-30 12:45:00,101.2359262,101.3231859,100.62498329099999,0.0008619440081736929,momentum_fade,15
2023-04-30 13:30:00,2023-04-30 13:45:00,101.4167833,101.4575543,100.7785263942,0.0004020143281352953,momentum_fade,1
2023-05-01 09:30:00,2023-05-01 12:30:00,101.35057,101.3647356,101.1462276249,0.0001397683308539689,momentum_fade,12
2023-05-01 13:15:00,2023-05-01 12:45:00,101.3831598,101.424923,101.07198304379999,0.00041193429049155993,momentum_fade,-2
2023-05-01 13:45:00,2023-05-01 15:15:00,101.455005,101.4996558,101.07198304379999,0.00044010445812899457,momentum_fade,6
2023-05-02 09:30:00,2023-05-02 12:15:00,101.5918029,101.8659585,101.16890802180001,0.002698599613099299,momentum_fade,11
2023-05-02 15:00:00,2023-05-02 14:30:00,101.5342472,101.6043255,101.35776167910001,0.0006901937221434958,momentum_fade,-2
2023-05-02 15:45:00,2023-05-03 10:15:00,101.6318467,101.3153493,101.3330990664,-0.003114155752126099,stop_loss,4
2023-05-03 11:00:00,2023-05-03 12:15:00,101.3315047,101.0503459,101.1357473157,-0.002774643491502402,stop_loss,5
2023-05-11 15:30:00,2023-05-12 11:00:00,99.08268496,99.09565104,98.58373918839001,0.00013086120955691576,momentum_fade,8
2023-05-12 13:15:00,2023-05-12 15:15:00,98.92338987,98.69811123,98.71400542175999,-0.002277304086486003,stop_loss,8
2023-05-13 10:30:00,2023-05-14 10:30:00,98.88090283,99.15084182,98.48737110294,0.002729940587861439,momentum_fade,26
2023-05-14 11:15:00,2023-05-16 10:30:00,99.25908273,99.87046301,98.59646389095,0.0061594391483854455,momentum_fade,49
2023-05-16 11:45:00,2023-05-16 11:15:00,99.79608086,99.84458528,99.26564227272,0.00048603531904269244,momentum_fade,-2
2023-05-16 12:00:00,2023-05-16 14:30:00,99.86817376,99.9089976,99.26564227272,0.0004087772757125624,momentum_fade,10
2023-05-17 09:30:00,2023-05-17 12:15:00,99.97762826,100.0902114,99.59848090092001,0.001126083324433507,momentum_fade,11
2023-05-17 14:00:00,2023-05-17 14:15:00,99.92548203,99.95267881,99.73089554373,0.00027217061601796344,momentum_fade,1
2023-05-17 15:00:00,2023-05-18 14:30:00,100.0204857,100.9255391,99.73089554373,0.009048680314496812,momentum_fade,24
2023-05-18 15:45:00,2023-05-20 11:15:00,101.2658346,102.7746956,100.2102370524,0.014900000636542385,momentum_fade,34
2023-05-20 13:00:00,2023-05-21 12:15:00,102.9686565,103.1931889,101.9912901165,0.002180589779764691,momentum_fade,23
2023-05-21 13:00:00,2023-05-21 15:15:00,103.3062669,103.410828,102.7205061705,0.0010121467277605979,momentum_fade,9
2023-05-22 10:30:00,2023-05-22 13:00:00,103.2767145,103.3650038,103.0158452358,0.0008548809906225238,momentum_fade,10
2023-05-22 13:45:00,2023-05-23 13:30:00,103.3897469,103.4804562,102.9909888171,0.0008773529553925267,momentum_fade,25
2023-05-23 15:30:00,2023-05-24 10:45:00,103.5838576,103.6023807,103.0734582651,0.00017882226467684582,momentum_fade,7
2023-05-24 11:30:00,2023-05-25 13:00:00,103.7587713,103.26341,103.2784088094,-0.0047741631265829495,stop_loss,32
2023-05-25 13:45:00,2023-05-26 12:00:00,103.4286099,103.8404201,103.1162253552,0.003981588850494693,momentum_fade,19
2023-05-26 12:45:00,2023-05-31 11:30:00,103.8671191,103.8898495,103.218344334,0.00021884115201189182,momentum_fade,125
2023-05-31 12:15:00,2023-05-31 14:45:00,103.9698589,104.1058832,103.362155379,0.0013083051322674087,momentum_fade,10
2023-06-01 10:00:00,2023-06-02 14:15:00,104.0771262,103.6843411,103.6855465641,-0.0037739810306176343,stop_loss,43
2023-06-08 14:00:00,2023-06-11 12:15:00,103.3087078,103.6387365,102.876564456,0.003194587436316765,momentum_fade,71
2023-06-11 13:15:00,2023-06-12 09:30:00,103.5820076,103.6324825,103.01657360669999,0.0004872940887081006,momentum_fade,11
2023-06-12 10:30:00,2023-06-13 12:15:00,103.6150153,103.6257563,103.35000344310001,0.00010366258180738891,momentum_fade,33
2023-06-13 13:30:00,2023-06-13 15:30:00,103.6179301,103.6327339,103.2268174524,0.00014286909597328382,momentum_fade,8
2023-06-14 09:45:00,2023-06-15 10:15:00,103.8785723,104.0210069,103.37280671699999,0.0013711643974914488,momentum_fade,28
2023-06-15 12:15:00,2023-06-15 12:00:00,104.0996143,104.1504282,103.42680186780001,0.00048812764909537525,momentum_fade,-1
2023-06-15 14:45:00,2023-06-15 14:30:00,103.7351524,103.818448,103.5550591821,0.0008029640683306074,momentum_fade,-1
2023-06-16 12:30:00,2023-06-16 15:00:00,103.6554659,103.2709499,103.27387314959999,-0.0037095583591409123,stop_loss,10
2023-06-22 15:00:00,2023-06-25 13:00:00,103.638223,102.3546435,102.3778094103,-0.012385194022479543,stop_loss,70
2023-06-26 15:45:00,2023-06-29 10:45:00,102.9232428,103.0663994,102.3273599103,0.0013909064279890482,momentum_fade,58
2023-06-29 12:00:00,2023-06-30 11:00:00,103.0771005,103.1687473,102.6740644587,0.0008891092158728949,momentum_fade,22
2023-06-30 11:45:00,2023-06-30 14:45:00,103.2232564,103.2594652,102.8251623096,0.00035078141557251974,momentum_fade,12
2023-07-01 09:30:00,2023-07-01 11:45:00,103.3466095,103.4375398,102.8755255959,0.0008798576019080392,momentum_fade,9
2023-07-01 12:30:00,2023-07-01 12:15:00,103.5441073,103.5441592,103.0341747879,5.012356700529218e-07,momentum_fade,-1
2023-07-01 13:15:00,2023-07-01 15:30:00,103.6215146,103.7145825,103.0341747879,0.0008981522839081172,momentum_fade,9
2023-07-02 09:45:00,2023-07-02 15:00:00,103.7303768,103.9294736,103.3112789064,0.001919368329143025,momentum_fade,21
2023-07-02 15:45:00,2023-07-04 13:45:00,103.9937904,104.0518054,103.4047301616,0.0005578698475828582,momentum_fade,44
2023-07-04 14:30:00,2023-07-04 14:00:00,104.1398391,104.1832278,103.65436257930001,0.00041663882309564827,momentum_fade,-2
2023-07-04 15:00:00,2023-07-05 11:45:00,104.3117808,104.6179642,103.65436257930001,0.0029352715259177036,momentum_fade,13
2023-07-05 14:00:00,2023-07-05 15:45:00,104.362896,104.6890763,104.1137348472,0.0031254431651646583,momentum_fade,7
2023-07-06 11:00:00,2023-07-07 09:45:00,104.8639219,105.321458,104.0840996121,0.00436314121873419,momentum_fade,21
2023-07-07 11:45:00,2023-07-07 11:15:00,105.1838766,105.2016614,104.848539507,0.00016908294859329376,momentum_fade,-2
2023-07-07 12:00:00,2023-07-07 14:00:00,105.2037769,105.2914251,104.848539507,0.0008331278836435372,momentum_fade,8
2023-07-07 14:45:00,2023-07-08 10:15:00,105.5233789,105.5513368,104.9265138546,0.0002649450793885078,momentum_fade,8
2023-07-08 11:15:00,2023-07-09 12:15:00,105.785734,105.8861792,104.93635010850001,0.0009495155556608019,momentum_fade,30
2023-07-09 13:00:00,2023-07-09 12:30:00,105.906926,105.9123989,105.3840658446,5.16765069736883e-05,momentum_fade,-2
2023-07-09 13:15:00,2023-07-11 15:15:00,105.9600875,105.3105686,105.3840658446,-0.006129844881451272,stop_loss,60
2023-07-12 09:30:00,2023-07-12 12:45:00,105.409308,105.0684212,105.13884531059999,-0.00323393452122836,stop_loss,13
2023-07-18 09:30:00,2023-07-21 10:30:00,105.4869727,105.5219748,104.828345721,0.0003318144326650092,momentum_fade,82
2023-07-21 12:15:00,2023-07-22 11:30:00,105.549519,104.9491069,104.9932831185,-0.005688439944477623,stop_loss,23
2023-08-03 10:15:00,2023-08-03 13:00:00,100.7054856,100.7630962,100.3465726803,0.0005720701276277232,momentum_fade,11
2023-08-03 13:45:00,2023-08-04 11:45:00,100.8089937,100.9083973,100.3465726803,0.0009860588460571277,momentum_fade,18
2023-08-04 12:30:00,2023-08-04 14:00:00,100.9425024,100.9954267,100.507540851,0.0005243014462855323,momentum_fade,6
2023-08-05 13:30:00,2023-08-05 15:30:00,100.7060617,100.7895353,100.1607992397,0.0008288835705705162,momentum_fade,8
2023-08-06 09:45:00,2023-08-05 15:45:00,100.8104012,100.8278908,100.3591565838,0.00017349003467714258,momentum_fade,-2
2023-08-06 10:30:00,2023-08-06 12:00:00,100.8757893,100.9243986,100.4495500998,0.0004818728094949303,momentum_fade,6
2023-08-06 12:45:00,2023-08-06 14:45:00,101.0603964,101.2142091,100.61562286079999,0.00152198789515141,momentum_fade,8
2023-08-06 15:45:00,2023-08-07 11:00:00,101.2631233,101.4575155,100.6845177969,0.0019196741485456017,momentum_fade,7
2023-08-07 12:00:00,2023-08-08 12:45:00,101.4360618,101.6303224,100.9825892271,0.0019151039241154045,momentum_fade,29
2023-08-08 13:45:00,2023-08-08 13:15:00,101.5755336,101.5950696,101.0764515708,0.00019232977969807307,momentum_fade,-2
2023-08-08 14:00:00,2023-08-08 15:45:00,101.6585587,101.6713613,101.0764515708,0.00012593725667291554,momentum_fade,7
2023-08-09 11:45:00,2023-08-09 11:30:00,101.4179512,101.4832452,101.1969394623,0.0006438110731623063,momentum_fade,-1
2023-08-09 13:45:00,2023-08-09 13:15:00,101.0717584,101.1219551,100.8564077349,0.0004966441743433718,momentum_fade,-2
2023-08-10 15:30:00,2023-08-10 15:00:00,101.2337629,101.2456177,100.7453821716,0.00011710322386914579,momentum_fade,-2
2023-08-11 09:30:00,2023-08-11 13:00:00,101.2991061,101.4309938,100.7453821716,0.001301963117717906,momentum_fade,14
2023-08-11 13:45:00,2023-08-11 14:30:00,101.4569325,101.5133501,101.0383028577,0.0005560743717537801,momentum_fade,3
2023-08-12 10:30:00,2023-08-12 10:15:00,101.3529258,101.365803,101.07880921079999,0.0001270530662865726,momentum_fade,-1
2023-08-12 11:00:00,2023-08-12 13:30:00,101.3797211,101.0483334,101.0911941135,-0.0032687769941003855,stop_loss,10
2023-08-14 13:30:00,2023-08-14 14:30:00,101.5178345,101.5325064,100.8712986291,0.0001445253444604966,momentum_fade,4
2023-08-15 10:00:00,2023-08-16 09:30:00,101.4754323,101.5082998,101.2460140386,0.00032389613185229005,momentum_fade,24
2023-08-16 10:15:00,2023-08-16 14:45:00,101.7456743,102.7374818,101.2150420416,0.00974790827053365,momentum_fade,18
2023-08-16 15:30:00,2023-08-17 13:45:00,102.9443841,102.9671045,101.4899135949,0.00022070557999493058,momentum_fade,19
2023-08-17 15:15:00,2023-08-18 13:30:00,102.9814445,104.0035019,102.61670048010001,0.009924675313716429,momentum_fade,19
2023-08-18 14:30:00,2023-08-19 10:30:00,103.9415342,104.1903198,102.9495552921,0.0023935147957436136,momentum_fade,10
2023-08-19 11:15:00,2023-08-19 15:15:00,104.435158,105.0293138,103.7620779561,0.00568923158999765,momentum_fade,16
2023-08-20 09:30:00,2023-08-20 13:30:00,105.0765676,105.6727764,104.0439298221,0.005674041450132021,momentum_fade,16
2023-08-20 14:15:00,2023-08-20 15:45:00,105.7919316,105.8190882,104.802650442,0.00025669821497046816,momentum_fade,6
2023-08-21 10:30:00,2023-08-21 15:45:00,105.829738,105.8562132,105.43656239549999,0.00025016786869483734,momentum_fade,21
2023-08-22 10:45:00,2023-08-24 13:15:00,105.9501724,105.992218,105.4398013533,0.0003968431485062356,momentum_fade,62
2023-08-24 14:00:00,2023-08-24 15:00:00,105.9977365,106.0587549,105.5305760877,0.0005756575754803471,momentum_fade,4
2023-08-24 15:45:00,2023-08-25 10:00:00,106.0764667,106.09972,105.5305760877,0.0002192126182499202,momentum_fade,3
2023-08-25 11:00:00,2023-08-25 15:15:00,106.1079971,105.7432005,105.744403746,-0.003437974610492439,stop_loss,17
2023-08-26 09:30:00,2023-08-26 09:45:00,105.7672703,105.7937758,105.5535544863,0.00025060209954193134,momentum_fade,1
2023-08-26 11:00:00,2023-08-26 14:00:00,105.7969084,105.8502464,105.5535544863,0.0005041546185672525,momentum_fade,12
2023-08-26 14:45:00,2023-08-27 11:45:00,106.0557004,106.1638872,105.55669983780001,0.0010200941542223654,momentum_fade,14
2023-08-27 13:45:00,2023-08-28 10:30:00,106.0963483,105.8080271,105.80925602880001,-0.0027175412219159157,stop_loss,13
2023-08-28 12:30:00,2023-08-28 14:30:00,106.136726,106.1509159,105.5735951256,0.0001336945328425261,momentum_fade,8
2023-08-29 09:30:00,2023-08-28 15:30:00,106.0151856,106.0597144,105.5735951256,0.0004200228462365587,momentum_fade,-2
2023-09-01 10:15:00,2023-09-01 14:45:00,106.0022169,106.3277868,105.3322292331,0.0030713499162676942,momentum_fade,18
2023-09-02 10:00:00,2023-09-02 09:45:00,106.2252593,106.2281891,105.8621842476,2.7581010574099565e-05,momentum_fade,-1
2023-09-03 11:00:00,2023-09-03 13:30:00,106.1783622,106.3351727,105.7084380477,0.0014768592842356535,momentum_fade,10
2023-09-03 14:45:00,2023-09-04 11:30:00,106.3347269,106.3400558,105.9237385317,5.011439024060703e-05,momentum_fade,13
2023-09-04 12:45:00,2023-09-04 13:00:00,106.2747536,106.3622341,106.0638112188,0.0008231541079761964,momentum_fade,1
2023-09-04 13:45:00,2023-09-05 12:45:00,106.5210832,106.830724,105.97707833850001,0.002906849899551123,momentum_fade,22
2023-09-06 10:15:00,2023-09-06 11:00:00,107.1327516,107.1366491,106.5004542387,3.638009797924083e-05,momentum_fade,3
2023-09-06 13:30:00,2023-09-06 13:15:00,106.9159565,106.9883053,106.624405863,0.0006766885165545923,momentum_fade,-1
2023-09-06 14:15:00,2023-09-08 15:45:00,107.0401841,106.5629718,106.624405863,-0.0044582537297785255,stop_loss,58
2023-09-19 11:45:00,2023-09-19 15:00:00,105.4965905,104.9606629,104.9680980288,-0.0050800466390427445,stop_loss,13
2023-09-22 13:00:00,2023-09-23 10:15:00,105.335178,105.5795636,104.8098438414,0.002320075825001227,momentum_fade,15
2023-09-23 11:45:00,2023-09-24 11:30:00,105.6763986,106.2049379,105.0941925081,0.005001488572681219,momentum_fade,25
2023-09-24 12:15:00,2023-09-24 12:30:00,106.3334662,106.3461776,105.6644062236,0.00011954279733618421,momentum_fade,1
2023-09-24 13:15:00,2023-09-25 11:30:00,106.6561088,106.9073214,105.71908309199999,0.0023553512576675057,momentum_fade,19
2023-09-25 14:30:00,2023-09-25 14:00:00,106.5263885,106.5654955,106.2861157917,0.00036711091543295245,momentum_fade,-2
2023-09-25 15:15:00,2023-09-26 11:15:00,106.5328422,106.7078371,106.2861157917,0.0016426380483820556,momentum_fade,10
2023-09-26 12:15:00,2023-09-26 14:00:00,106.7427412,106.7744808,106.2861157917,0.00029734668271765117,momentum_fade,7
2023-09-27 09:45:00,2023-09-26 15:45:00,106.4632364,106.4753785,106.2487694754,0.00011404969838025218,momentum_fade,-2
2023-09-27 11:15:00,2023-09-27 14:00:00,106.4338948,106.044501,106.1044414479,-0.0036585506969534264,stop_loss,11
2023-09-27 15:00:00,2023-09-27 14:30:00,106.0726845,106.1070964,105.798301794,0.00032441811162051956,momentum_fade,-2
2023-09-27 15:30:00,2023-09-28 11:15:00,106.0882726,106.3542104,105.798301794,0.0025067596397078413,momentum_fade,9
2023-09-28 12:30:00,2023-09-30 10:30:00,106.4843886,105.7099569,105.798301794,-0.00727272523401621,stop_loss,44
2023-10-08 13:45:00,2023-10-09 11:15:00,105.5016345,105.6054582,105.1193717037,0.0009840956539873004,momentum_fade,16
2023-10-09 12:00:00,2023-10-09 15:45:00,105.6702197,105.9215979,105.2190497259,0.0023788935114704853,momentum_fade,15
2023-10-10 10:00:00,2023-10-11 14:15:00,106.0892609,106.4536075,105.42081825540001,0.0034343400727754963,momentum_fade,43
2023-10-12 09:30:00,2023-10-15 13:00:00,106.5077666,106.5682514,105.44835958649999,0.0005678909804498479,momentum_fade,92
2023-10-15 14:15:00,2023-10-15 14:30:00,106.5766108,106.643783,105.8466544929,0.0006302714966800359,momentum_fade,1
2023-10-16 12:00:00,2023-10-17 11:45:00,106.480762,106.7179052,106.2034233669,0.002227099013434986,momentum_fade,25
2023-10-17 12:30:00,2023-10-17 15:45:00,106.8095454,107.1502438,106.1086643208,0.003189774834487721,momentum_fade,13
2023-10-18 10:15:00,2023-10-20 10:00:00,107.2524882,107.289158,106.405339149,0.0003419016249918436,momentum_fade,51
2023-10-20 10:45:00,2023-10-21 15:45:00,107.4413784,106.8782398,106.9174753002,-0.005241356806717979,stop_loss,46
2023-10-27 12:15:00,2023-10-27 15:15:00,107.0442137,107.2225331,106.14767607,0.0016658480999240275,momentum_fade,12
2023-10-28 09:45:00,2023-10-27 15:45:00,107.1721547,107.2244262,106.7316651963,0.0004877339654719414,momentum_fade,-2
2023-10-28 10:15:00,2023-10-28 13:15:00,107.3098206,107.6797738,106.7905291734,0.003447524168165573,momentum_fade,12
2023-10-28 15:00:00,2023-10-28 15:15:00,107.3662463,107.4172435,106.97939451900001,0.0004749835423835399,momentum_fade,1
2023-10-29 10:45:00,2023-10-29 13:00:00,107.5724124,107.67824,107.0403311214,0.0009837801127531264,momentum_fade,9
2023-10-29 13:45:00,2023-10-30 12:15:00,107.7735887,107.9702719,107.1408849669,0.0018249666024157864,momentum_fade,20
2023-10-30 13:45:00,2023-10-30 13:15:00,107.1082248,107.16841,106.90250908140001,0.0005619101624770115,momentum_fade,-2
2023-10-30 14:15:00,2023-10-31 09:30:00,107.13992,107.3078017,106.90250908140001,0.001566938821682854,momentum_fade,7
2023-10-31 10:45:00,2023-11-01 15:00:00,107.4403199,107.5054857,106.90250908140001,0.0006065302119413029,momentum_fade,43
2023-11-02 10:45:00,2023-11-02 13:00:00,107.6105304,107.7319934,106.98167034090001,0.0011287278256923397,momentum_fade,9
2023-11-02 13:45:00,2023-11-02 13:30:00,107.7885911,107.8282996,107.2157658111,0.0003683924207075849,momentum_fade,-1
2023-11-02 14:15:00,2023-11-02 15:45:00,107.8757458,107.9022276,107.2157658111,0.0002454842819728539,momentum_fade,6
2023-11-03 10:30:00,2023-11-03 12:45:00,107.9564372,107.9925516,107.52730446059999,0.0003345275273682562,momentum_fade,9
2023-11-03 13:30:00,2023-11-03 15:15:00,108.1265187,108.1828992,107.605520766,0.0005214308263860606,momentum_fade,7
2023-11-04 09:45:00,2023-11-04 15:30:00,108.164236,107.6646927,107.7317508096,-0.004618377741788877,stop_loss,23
2023-11-05 10:00:00,2023-11-05 11:30:00,107.8763535,108.1352924,107.4677767479,0.002400330485772343,momentum_fade,6
2023-11-05 14:30:00,2023-11-07 10:00:00,107.8539459,107.3908059,107.4677767479,-0.004294140526202071,stop_loss,34
2023-11-15 12:30:00,2023-11-16 15:30:00,105.9890862,106.5778645,105.5143517283,0.00555508421771827,momentum_fade,38
2023-11-17 09:45:00,2023-11-17 14:00:00,106.7900475,107.1415038,105.963003927,0.0032910960171639147,momentum_fade,17
2023-11-17 15:15:00,2023-11-18 11:30:00,107.0419375,107.4493624,106.6346485101,0.003806217539737593,momentum_fade,11
2023-11-18 12:30:00,2023-11-18 15:30:00,107.5269188,107.7349244,106.8014153763,0.0019344514129237076,momentum_fade,12
2023-11-19 09:45:00,2023-11-19 11:30:00,107.782455,107.8229959,107.23632073559999,0.0003761363572577404,momentum_fade,7
2023-11-19 14:30:00,2023-11-19 14:45:00,107.4783836,107.4867333,107.1973888065,7.76872494758711e-05,momentum_fade,1
2023-11-20 09:30:00,2023-11-20 11:30:00,107.459159,107.1717199,107.1807430689,-0.0026748683190420306,stop_loss,8
2023-11-20 12:15:00,2023-11-21 09:30:00,107.2817236,107.5387465,106.98721449119999,0.0023957752669812203,momentum_fade,15
2023-11-21 10:15:00,2023-11-23 12:15:00,107.6407402,106.9271437,106.98721449119999,-0.006629427656053913,stop_loss,60
2023-11-24 10:45:00,2023-11-25 09:30:00,107.4976138,106.7684293,106.774802316,-0.0067832621973977466,stop_loss,21
2023-12-07 10:15:00,2023-12-08 12:00:00,103.6721775,103.8079445,103.0711813443,0.0013095799015121613,momentum_fade,33
2023-12-08 12:45:00,2023-12-08 13:30:00,103.9201617,103.9452677,103.2407923635,0.0002415893084585921,momentum_fade,3
2023-12-08 14:30:00,2023-12-09 12:45:00,104.0260558,104.2387205,103.2407923635,0.0020443407025723726,momentum_fade,19
2023-12-09 14:30:00,2023-12-09 14:45:00,104.1641853,104.2012041,103.7327926707,0.0003553889457627089,momentum_fade,1
2023-12-09 15:30:00,2023-12-11 09:30:00,104.3324548,103.6091233,103.7327926707,-0.006932948154882296,stop_loss,28
2023-12-12 14:15:00,2023-12-13 10:00:00,104.020374,104.0302796,103.3272705987,9.522749841291846e-05,momentum_fade,9
2023-12-19 10:45:00,2023-12-19 13:00:00,103.70186,103.1601132,103.188559149,-0.005224079876677222,stop_loss,9
2023-12-27 15:00:00,2023-12-31 12:00:00,102.9242979,102.9361018,102.2167341468,0.00011468526131188565,momentum_fade,92
2023-12-31 12:45:00,2023-12-31 14:30:00,103.1129004,103.1558282,102.2870480625,0.00041631842217097667,momentum_fade,7
2023-12-31 15:15:00,2023-12-31 15:45:00,103.3427132,103.3233166,102.7048719204,-0.00018769199491084607,end_of_data,2
